43.8327,-87.97425,406.4
43.8327,-87.9741,414.5
43.8327,-87.97395,422.6
43.8327,-87.9738,430.6
43.8327,-87.97365,422.6
43.8327,-87.9735,414.5
43.8327,-87.97335,406.4
43.83285,-87.97515,411.8
43.83285,-87.975,419.9
43.83285,-87.97485,427.9
43.83285,-87.9747,436.0
43.83285,-87.97455,444.1
43.83285,-87.9744,452.2
43.83285,-87.97425,460.2
43.83285,-87.9741,468.3
43.83285,-87.97395,476.4
43.83285,-87.9738,484.5
43.83285,-87.97365,476.4
43.83285,-87.9735,468.3
43.83285,-87.97335,460.2
43.83285,-87.9732,452.2
43.83285,-87.97305,444.1
43.83285,-87.9729,436.0
43.83285,-87.97275,427.9
43.83285,-87.9726,419.9
43.83285,-87.97245,411.8
43.833,-87.97545,413.9
43.833,-87.9753,439.9
43.833,-87.97515,465.6
43.833,-87.975,473.7
43.833,-87.97485,481.8
43.833,-87.9747,489.9
43.833,-87.97455,497.9
43.833,-87.9744,506.0
43.833,-87.97425,514.1
43.833,-87.9741,522.2
43.833,-87.97395,530.2
43.833,-87.9738,538.3
43.833,-87.97365,530.2
43.833,-87.9735,522.2
43.833,-87.97335,514.1
43.833,-87.9732,506.0
43.833,-87.97305,497.9
43.833,-87.9729,489.9
43.833,-87.97275,481.8
43.833,-87.9726,473.7
43.833,-87.97245,465.6
43.833,-87.9723,443.8
43.833,-87.97215,418.8
43.83315,-87.97575,406.1
43.83315,-87.9756,432.1
43.83315,-87.97545,458.1
43.83315,-87.9753,484.1
43.83315,-87.97515,510.0
43.83315,-87.975,527.5
43.83315,-87.97485,535.6
43.83315,-87.9747,543.7
43.83315,-87.97455,551.8
43.83315,-87.9744,559.8
43.83315,-87.97425,567.9
43.83315,-87.9741,576.0
43.83315,-87.97395,584.1
43.83315,-87.9738,592.1
43.83315,-87.97365,584.1
43.83315,-87.9735,576.0
43.83315,-87.97335,567.9
43.83315,-87.9732,559.8
43.83315,-87.97305,551.8
43.83315,-87.9729,543.7
43.83315,-87.97275,535.6
43.83315,-87.9726,527.5
43.83315,-87.97245,513.9
43.83315,-87.9723,488.9
43.83315,-87.97215,463.8
43.83315,-87.972,438.8
43.83315,-87.97185,413.8
43.8333,-87.9759,424.3
43.8333,-87.97575,450.3
43.8333,-87.9756,476.3
43.8333,-87.97545,502.2
43.8333,-87.9753,528.2
43.8333,-87.97515,554.2
43.8333,-87.975,580.2
43.8333,-87.97485,589.4
43.8333,-87.9747,597.5
43.8333,-87.97455,605.6
43.8333,-87.9744,613.7
43.8333,-87.97425,621.7
43.8333,-87.9741,629.8
43.8333,-87.97395,637.9
43.8333,-87.9738,646.0
43.8333,-87.97365,637.9
43.8333,-87.9735,629.8
43.8333,-87.97335,621.7
43.8333,-87.9732,613.7
43.8333,-87.97305,605.6
43.8333,-87.9729,597.5
43.8333,-87.97275,589.4
43.8333,-87.9726,581.4
43.8333,-87.97245,558.9
43.8333,-87.9723,533.9
43.8333,-87.97215,508.9
43.8333,-87.972,483.9
43.8333,-87.97185,458.8
43.8333,-87.9717,433.8
43.8333,-87.97155,408.8
43.83345,-87.9762,416.3
43.83345,-87.97605,442.5
43.83345,-87.9759,468.5
43.83345,-87.97575,494.5
43.83345,-87.9756,520.4
43.83345,-87.97545,546.4
43.83345,-87.9753,572.4
43.83345,-87.97515,598.4
43.83345,-87.975,624.3
43.83345,-87.97485,643.3
43.83345,-87.9747,651.3
43.83345,-87.97455,659.4
43.83345,-87.9744,667.5
43.83345,-87.97425,675.6
43.83345,-87.9741,683.6
43.83345,-87.97395,691.7
43.83345,-87.9738,699.8
43.83345,-87.97365,691.7
43.83345,-87.9735,683.6
43.83345,-87.97335,675.6
43.83345,-87.9732,667.5
43.83345,-87.97305,659.4
43.83345,-87.9729,651.3
43.83345,-87.97275,643.3
43.83345,-87.9726,629.0
43.83345,-87.97245,604.0
43.83345,-87.9723,579.0
43.83345,-87.97215,553.9
43.83345,-87.972,528.9
43.83345,-87.97185,503.9
43.83345,-87.9717,478.9
43.83345,-87.97155,453.8
43.83345,-87.9714,428.8
43.8336,-87.97635,420.4
43.8336,-87.9762,449.7
43.8336,-87.97605,480.4
43.8336,-87.9759,512.3
43.8336,-87.97575,538.6
43.8336,-87.9756,564.6
43.8336,-87.97545,590.6
43.8336,-87.9753,616.6
43.8336,-87.97515,642.5
43.8336,-87.975,668.5
43.8336,-87.97485,694.5
43.8336,-87.9747,705.2
43.8336,-87.97455,713.2
43.8336,-87.9744,721.3
43.8336,-87.97425,729.4
43.8336,-87.9741,737.5
43.8336,-87.97395,745.5
43.8336,-87.9738,753.6
43.8336,-87.97365,745.5
43.8336,-87.9735,737.5
43.8336,-87.97335,729.4
43.8336,-87.9732,721.3
43.8336,-87.97305,713.2
43.8336,-87.9729,705.2
43.8336,-87.97275,697.1
43.8336,-87.9726,674.1
43.8336,-87.97245,649.0
43.8336,-87.9723,624.0
43.8336,-87.97215,599.0
43.8336,-87.972,574.0
43.8336,-87.97185,548.9
43.8336,-87.9717,523.9
43.8336,-87.97155,498.9
43.8336,-87.9714,470.0
43.8336,-87.97125,439.8
43.8336,-87.9711,411.1
43.83375,-87.9765,433.5
43.83375,-87.97635,460.1
43.83375,-87.9762,487.0
43.83375,-87.97605,515.5
43.83375,-87.9759,545.3
43.83375,-87.97575,576.4
43.83375,-87.9756,608.4
43.83375,-87.97545,634.7
43.83375,-87.9753,660.7
43.83375,-87.97515,686.7
43.83375,-87.975,712.7
43.83375,-87.97485,738.7
43.83375,-87.9747,759.0
43.83375,-87.97455,767.1
43.83375,-87.9744,775.2
43.83375,-87.97425,783.2
43.83375,-87.9741,791.3
43.83375,-87.97395,799.4
43.83375,-87.9738,807.5
43.83375,-87.97365,799.4
43.83375,-87.9735,791.3
43.83375,-87.97335,783.2
43.83375,-87.9732,775.2
43.83375,-87.97305,767.1
43.83375,-87.9729,759.0
43.83375,-87.97275,744.1
43.83375,-87.9726,719.1
43.83375,-87.97245,694.1
43.83375,-87.9723,669.1
43.83375,-87.97215,644.0
43.83375,-87.972,619.0
43.83375,-87.97185,594.0
43.83375,-87.9717,565.9
43.83375,-87.97155,535.3
43.83375,-87.9714,505.8
43.83375,-87.97125,477.8
43.83375,-87.9711,451.6
43.83375,-87.97095,427.3
43.8339,-87.97665,431.1
43.8339,-87.9765,465.6
43.8339,-87.97635,500.2
43.8339,-87.9762,527.3
43.8339,-87.97605,553.8
43.8339,-87.9759,581.7
43.8339,-87.97575,610.8
43.8339,-87.9756,641.1
43.8339,-87.97545,672.4
43.8339,-87.9753,704.4
43.8339,-87.97515,730.9
43.8339,-87.975,756.8
43.8339,-87.97485,782.8
43.8339,-87.9747,808.8
43.8339,-87.97455,820.9
43.8339,-87.9744,829.0
43.8339,-87.97425,837.1
43.8339,-87.9741,845.1
43.8339,-87.97395,853.2
43.8339,-87.9738,861.3
43.8339,-87.97365,853.2
43.8339,-87.9735,845.1
43.8339,-87.97335,837.1
43.8339,-87.9732,829.0
43.8339,-87.97305,820.9
43.8339,-87.9729,812.8
43.8339,-87.97275,789.2
43.8339,-87.9726,764.2
43.8339,-87.97245,739.1
43.8339,-87.9723,714.1
43.8339,-87.97215,689.1
43.8339,-87.972,661.9
43.8339,-87.97185,630.9
43.8339,-87.9717,601.0
43.8339,-87.97155,572.2
43.8339,-87.9714,544.8
43.8339,-87.97125,518.9
43.8339,-87.9711,494.8
43.8339,-87.97095,467.0
43.8339,-87.9708,434.0
43.83405,-87.9768,428.6
43.83405,-87.97665,463.2
43.83405,-87.9765,497.7
43.83405,-87.97635,532.3
43.83405,-87.9762,566.8
43.83405,-87.97605,594.6
43.83405,-87.9759,620.7
43.83405,-87.97575,648.1
43.83405,-87.9756,676.7
43.83405,-87.97545,706.4
43.83405,-87.9753,737.0
43.83405,-87.97515,768.4
43.83405,-87.975,800.5
43.83405,-87.97485,827.0
43.83405,-87.9747,853.0
43.83405,-87.97455,874.7
43.83405,-87.9744,882.8
43.83405,-87.97425,890.9
43.83405,-87.9741,899.0
43.83405,-87.97395,907.0
43.83405,-87.9738,915.1
43.83405,-87.97365,907.0
43.83405,-87.9735,899.0
43.83405,-87.97335,890.9
43.83405,-87.9732,882.8
43.83405,-87.97305,874.7
43.83405,-87.9729,859.3
43.83405,-87.97275,834.2
43.83405,-87.9726,809.2
43.83405,-87.97245,784.2
43.83405,-87.9723,757.8
43.83405,-87.97215,726.7
43.83405,-87.972,696.4
43.83405,-87.97185,667.1
43.83405,-87.9717,638.8
43.83405,-87.97155,611.8
43.83405,-87.9714,586.2
43.83405,-87.97125,562.3
43.83405,-87.9711,535.1
43.83405,-87.97095,502.2
43.83405,-87.9708,469.3
43.83405,-87.97065,436.4
43.8342,-87.97695,426.1
43.8342,-87.9768,460.7
43.8342,-87.97665,495.2
43.8342,-87.9765,529.8
43.8342,-87.97635,564.3
43.8342,-87.9762,598.9
43.8342,-87.97605,633.5
43.8342,-87.9759,661.9
43.8342,-87.97575,687.7
43.8342,-87.9756,714.7
43.8342,-87.97545,742.9
43.8342,-87.9753,772.0
43.8342,-87.97515,802.1
43.8342,-87.975,832.9
43.8342,-87.97485,864.4
43.8342,-87.9747,896.5
43.8342,-87.97455,923.1
43.8342,-87.9744,936.6
43.8342,-87.97425,944.7
43.8342,-87.9741,952.8
43.8342,-87.97395,960.9
43.8342,-87.9738,968.9
43.8342,-87.97365,960.9
43.8342,-87.9735,952.8
43.8342,-87.97335,944.7
43.8342,-87.9732,936.6
43.8342,-87.97305,928.6
43.8342,-87.9729,904.3
43.8342,-87.97275,879.3
43.8342,-87.9726,853.8
43.8342,-87.97245,822.5
43.8342,-87.9723,792.0
43.8342,-87.97215,762.2
43.8342,-87.972,733.4
43.8342,-87.97185,705.6
43.8342,-87.9717,679.0
43.8342,-87.97155,653.6
43.8342,-87.9714,629.8
43.8342,-87.97125,603.3
43.8342,-87.9711,570.4
43.8342,-87.97095,537.5
43.8342,-87.9708,504.6
43.8342,-87.97065,471.7
43.8342,-87.9705,438.7
43.83435,-87.9771,423.7
43.83435,-87.97695,458.2
43.83435,-87.9768,492.8
43.83435,-87.97665,527.3
43.83435,-87.9765,561.9
43.83435,-87.97635,596.4
43.83435,-87.9762,631.0
43.83435,-87.97605,665.5
43.83435,-87.9759,700.1
43.83435,-87.97575,729.3
43.83435,-87.9756,754.8
43.83435,-87.97545,781.5
43.83435,-87.9753,809.3
43.83435,-87.97515,838.0
43.83435,-87.975,867.5
43.83435,-87.97485,897.8
43.83435,-87.9747,928.8
43.83435,-87.97455,960.4
43.83435,-87.9744,990.5
43.83435,-87.97425,998.5
43.83435,-87.9741,1006.6
43.83435,-87.97395,1014.7
43.83435,-87.9738,1022.8
43.83435,-87.97365,1014.7
43.83435,-87.9735,1006.6
43.83435,-87.97335,998.5
43.83435,-87.9732,990.5
43.83435,-87.97305,974.4
43.83435,-87.9729,949.4
43.83435,-87.97275,918.4
43.83435,-87.9726,887.6
43.83435,-87.97245,857.6
43.83435,-87.9723,828.3
43.83435,-87.97215,799.9
43.83435,-87.972,772.5
43.83435,-87.97185,746.2
43.83435,-87.9717,721.0
43.83435,-87.97155,697.2
43.83435,-87.9714,671.4
43.83435,-87.97125,638.5
43.83435,-87.9711,605.6
43.83435,-87.97095,572.7
43.83435,-87.9708,539.8
43.83435,-87.97065,506.9
43.83435,-87.9705,474.0
43.83435,-87.97035,441.1
43.83435,-87.9702,408.2
43.8345,-87.97725,421.2
43.8345,-87.9771,455.8
43.8345,-87.97695,490.3
43.8345,-87.9768,524.9
43.8345,-87.97665,559.4
43.8345,-87.9765,594.0
43.8345,-87.97635,628.5
43.8345,-87.9762,663.1
43.8345,-87.97605,697.6
43.8345,-87.9759,732.2
43.8345,-87.97575,766.7
43.8345,-87.9756,796.6
43.8345,-87.97545,822.0
43.8345,-87.9753,848.4
43.8345,-87.97515,875.8
43.8345,-87.975,904.1
43.8345,-87.97485,933.2
43.8345,-87.9747,963.1
43.8345,-87.97455,993.6
43.8345,-87.9744,1024.8
43.8345,-87.97425,1052.4
43.8345,-87.9741,1060.5
43.8345,-87.97395,1068.5
43.8345,-87.9738,1076.6
43.8345,-87.97365,1068.5
43.8345,-87.9735,1060.5
43.8345,-87.97335,1052.4
43.8345,-87.9732,1044.3
43.8345,-87.97305,1014.3
43.8345,-87.9729,983.4
43.8345,-87.97275,953.1
43.8345,-87.9726,923.5
43.8345,-87.97245,894.6
43.8345,-87.9723,866.6
43.8345,-87.97215,839.5
43.8345,-87.972,813.4
43.8345,-87.97185,788.4
43.8345,-87.9717,764.7
43.8345,-87.97155,739.6
43.8345,-87.9714,706.7
43.8345,-87.97125,673.8
43.8345,-87.9711,640.9
43.8345,-87.97095,608.0
43.8345,-87.9708,575.1
43.8345,-87.97065,542.2
43.8345,-87.9705,509.3
43.8345,-87.97035,476.4
43.8345,-87.9702,443.4
43.8345,-87.97005,410.5
43.83465,-87.97725,439.7
43.83465,-87.9771,476.5
43.83465,-87.97695,513.8
43.83465,-87.9768,551.3
43.83465,-87.97665,589.1
43.83465,-87.9765,626.0
43.83465,-87.97635,660.6
43.83465,-87.9762,695.2
43.83465,-87.97605,729.7
43.83465,-87.9759,764.3
43.83465,-87.97575,798.8
43.83465,-87.9756,833.4
43.83465,-87.97545,864.0
43.83465,-87.9753,889.2
43.83465,-87.97515,915.4
43.83465,-87.975,942.5
43.83465,-87.97485,970.5
43.83465,-87.9747,999.2
43.83465,-87.97455,1028.7
43.83465,-87.9744,1058.8
43.83465,-87.97425,1089.5
43.83465,-87.9741,1114.3
43.83465,-87.97395,1122.4
43.83465,-87.9738,1130.4
43.83465,-87.97365,1122.4
43.83465,-87.9735,1114.3
43.83465,-87.97335,1106.2
43.83465,-87.9732,1079.2
43.83465,-87.97305,1048.7
43.83465,-87.9729,1018.8
43.83465,-87.97275,989.6
43.83465,-87.9726,961.1
43.83465,-87.97245,933.4
43.83465,-87.9723,906.6
43.83465,-87.97215,880.7
43.83465,-87.972,855.9
43.83465,-87.97185,832.2
43.83465,-87.9717,807.8
43.83465,-87.97155,774.9
43.83465,-87.9714,741.9
43.83465,-87.97125,709.0
43.83465,-87.9711,676.1
43.83465,-87.97095,643.2
43.83465,-87.9708,610.3
43.83465,-87.97065,577.4
43.83465,-87.9705,544.5
43.83465,-87.97035,511.6
43.83465,-87.9702,476.5
43.83465,-87.97005,439.7
43.8348,-87.9774,424.2
43.8348,-87.97725,462.9
43.8348,-87.9771,498.0
43.8348,-87.97695,533.8
43.8348,-87.9768,570.0
43.8348,-87.97665,606.6
43.8348,-87.9765,643.6
43.8348,-87.97635,680.9
43.8348,-87.9762,718.4
43.8348,-87.97605,756.1
43.8348,-87.9759,793.9
43.8348,-87.97575,830.9
43.8348,-87.9756,865.4
43.8348,-87.97545,900.0
43.8348,-87.9753,931.4
43.8348,-87.97515,956.5
43.8348,-87.975,982.4
43.8348,-87.97485,1009.3
43.8348,-87.9747,1037.0
43.8348,-87.97455,1065.4
43.8348,-87.9744,1094.5
43.8348,-87.97425,1124.2
43.8348,-87.9741,1154.5
43.8348,-87.97395,1176.2
43.8348,-87.9738,1184.3
43.8348,-87.97365,1176.2
43.8348,-87.9735,1168.1
43.8348,-87.97335,1144.4
43.8348,-87.9732,1114.2
43.8348,-87.97305,1084.7
43.8348,-87.9729,1055.8
43.8348,-87.97275,1027.7
43.8348,-87.9726,1000.2
43.8348,-87.97245,973.7
43.8348,-87.9723,948.0
43.8348,-87.97215,923.3
43.8348,-87.972,899.6
43.8348,-87.97185,875.9
43.8348,-87.9717,843.0
43.8348,-87.97155,810.1
43.8348,-87.9714,777.2
43.8348,-87.97125,744.3
43.8348,-87.9711,711.4
43.8348,-87.97095,678.5
43.8348,-87.9708,643.6
43.8348,-87.97065,606.6
43.8348,-87.9705,570.0
43.8348,-87.97035,533.8
43.8348,-87.9702,498.0
43.8348,-87.97005,462.9
43.8348,-87.9699,424.2
43.83495,-87.9774,439.3
43.83495,-87.97725,478.3
43.83495,-87.9771,517.2
43.83495,-87.97695,556.2
43.83495,-87.9768,593.2
43.83495,-87.97665,628.5
43.83495,-87.9765,664.2
43.83495,-87.97635,700.4
43.83495,-87.9762,736.9
43.83495,-87.97605,773.7
43.83495,-87.9759,810.7
43.83495,-87.97575,848.0
43.83495,-87.9756,885.4
43.83495,-87.97545,923.1
43.83495,-87.9753,960.8
43.83495,-87.97515,998.7
43.83495,-87.975,1023.7
43.83495,-87.97485,1049.5
43.83495,-87.9747,1076.2
43.83495,-87.97455,1103.6
43.83495,-87.9744,1131.7
43.83495,-87.97425,1160.5
43.83495,-87.9741,1189.9
43.83495,-87.97395,1219.8
43.83495,-87.9738,1238.1
43.83495,-87.97365,1230.0
43.83495,-87.9735,1209.8
43.83495,-87.97335,1180.0
43.83495,-87.9732,1150.8
43.83495,-87.97305,1122.2
43.83495,-87.9729,1094.4
43.83495,-87.97275,1067.2
43.83495,-87.9726,1040.8
43.83495,-87.97245,1015.3
43.83495,-87.9723,990.7
43.83495,-87.97215,967.1
43.83495,-87.972,944.1
43.83495,-87.97185,911.2
43.83495,-87.9717,878.3
43.83495,-87.97155,845.4
43.83495,-87.9714,810.7
43.83495,-87.97125,773.7
43.83495,-87.9711,736.9
43.83495,-87.97095,700.4
43.83495,-87.9708,664.2
43.83495,-87.97065,628.5
43.83495,-87.9705,593.2
43.83495,-87.97035,556.2
43.83495,-87.9702,517.2
43.83495,-87.97005,478.3
43.83495,-87.9699,439.3
43.8351,-87.97755,415.5
43.8351,-87.9774,454.5
43.8351,-87.97725,493.4
43.8351,-87.9771,532.4
43.8351,-87.97695,571.3
43.8351,-87.9768,610.3
43.8351,-87.97665,649.2
43.8351,-87.9765,688.2
43.8351,-87.97635,723.5
43.8351,-87.9762,758.9
43.8351,-87.97605,794.7
43.8351,-87.9759,830.8
43.8351,-87.97575,867.2
43.8351,-87.9756,903.8
43.8351,-87.97545,940.7
43.8351,-87.9753,977.8
43.8351,-87.97515,1015.1
43.8351,-87.975,1052.5
43.8351,-87.97485,1090.1
43.8351,-87.9747,1116.7
43.8351,-87.97455,1143.1
43.8351,-87.9744,1170.3
43.8351,-87.97425,1198.1
43.8351,-87.9741,1226.6
43.8351,-87.97395,1255.7
43.8351,-87.9738,1285.3
43.8351,-87.97365,1275.4
43.8351,-87.9735,1245.9
43.8351,-87.97335,1217.1
43.8351,-87.9732,1188.8
43.8351,-87.97305,1161.1
43.8351,-87.9729,1134.2
43.8351,-87.97275,1108.0
43.8351,-87.9726,1082.7
43.8351,-87.97245,1058.2
43.8351,-87.9723,1034.6
43.8351,-87.97215,1012.0
43.8351,-87.972,977.8
43.8351,-87.97185,940.7
43.8351,-87.9717,903.8
43.8351,-87.97155,867.2
43.8351,-87.9714,830.8
43.8351,-87.97125,794.7
43.8351,-87.9711,758.9
43.8351,-87.97095,723.5
43.8351,-87.9708,688.2
43.8351,-87.97065,649.2
43.8351,-87.9705,610.3
43.8351,-87.97035,571.3
43.8351,-87.9702,532.4
43.8351,-87.97005,493.4
43.8351,-87.9699,454.5
43.8351,-87.96975,415.5
43.83525,-87.97755,430.6
43.83525,-87.9774,469.6
43.83525,-87.97725,508.6
43.83525,-87.9771,547.5
43.83525,-87.97695,586.5
43.83525,-87.9768,625.4
43.83525,-87.97665,664.4
43.83525,-87.9765,703.3
43.83525,-87.97635,742.3
43.83525,-87.9762,781.2
43.83525,-87.97605,818.8
43.83525,-87.9759,853.9
43.83525,-87.97575,889.3
43.83525,-87.9756,925.1
43.83525,-87.97545,961.2
43.83525,-87.9753,997.5
43.83525,-87.97515,1034.1
43.83525,-87.975,1070.8
43.83525,-87.97485,1107.8
43.83525,-87.9747,1144.9
43.83525,-87.97455,1182.2
43.83525,-87.9744,1210.1
43.83525,-87.97425,1237.1
43.83525,-87.9741,1264.7
43.83525,-87.97395,1292.9
43.83525,-87.9738,1321.7
43.83525,-87.97365,1312.0
43.83525,-87.9735,1283.4
43.83525,-87.97335,1255.4
43.83525,-87.9732,1228.0
43.83525,-87.97305,1201.3
43.83525,-87.9729,1175.3
43.83525,-87.97275,1150.0
43.83525,-87.9726,1125.6
43.83525,-87.97245,1102.1
43.83525,-87.9723,1070.8
43.83525,-87.97215,1034.1
43.83525,-87.972,997.5
43.83525,-87.97185,961.2
43.83525,-87.9717,925.1
43.83525,-87.97155,889.3
43.83525,-87.9714,853.9
43.83525,-87.97125,818.8
43.83525,-87.9711,781.2
43.83525,-87.97095,742.3
43.83525,-87.9708,703.3
43.83525,-87.97065,664.4
43.83525,-87.9705,625.4
43.83525,-87.97035,586.5
43.83525,-87.9702,547.5
43.83525,-87.97005,508.6
43.83525,-87.9699,469.6
43.83525,-87.96975,430.6
43.8354,-87.9777,406.8
43.8354,-87.97755,445.8
43.8354,-87.9774,484.7
43.8354,-87.97725,523.7
43.8354,-87.9771,562.7
43.8354,-87.97695,601.6
43.8354,-87.9768,640.6
43.8354,-87.97665,679.5
43.8354,-87.9765,718.5
43.8354,-87.97635,757.4
43.8354,-87.9762,796.4
43.8354,-87.97605,835.3
43.8354,-87.9759,874.3
43.8354,-87.97575,913.2
43.8354,-87.9756,949.1
43.8354,-87.97545,984.3
43.8354,-87.9753,1019.8
43.8354,-87.97515,1055.6
43.8354,-87.975,1091.6
43.8354,-87.97485,1127.9
43.8354,-87.9747,1164.4
43.8354,-87.97455,1201.0
43.8354,-87.9744,1237.9
43.8354,-87.97425,1274.9
43.8354,-87.9741,1303.9
43.8354,-87.97395,1331.3
43.8354,-87.9738,1359.3
43.8354,-87.97365,1349.9
43.8354,-87.9735,1322.1
43.8354,-87.97335,1294.9
43.8354,-87.9732,1268.4
43.8354,-87.97305,1242.5
43.8354,-87.9729,1217.4
43.8354,-87.97275,1193.1
43.8354,-87.9726,1164.4
43.8354,-87.97245,1127.9
43.8354,-87.9723,1091.6
43.8354,-87.97215,1055.6
43.8354,-87.972,1019.8
43.8354,-87.97185,984.3
43.8354,-87.9717,949.1
43.8354,-87.97155,913.2
43.8354,-87.9714,874.3
43.8354,-87.97125,835.3
43.8354,-87.9711,796.4
43.8354,-87.97095,757.4
43.8354,-87.9708,718.5
43.8354,-87.97065,679.5
43.8354,-87.9705,640.6
43.8354,-87.97035,601.6
43.8354,-87.9702,562.7
43.8354,-87.97005,523.7
43.8354,-87.9699,484.7
43.8354,-87.96975,445.8
43.8354,-87.9696,406.8
43.83555,-87.9777,422.0
43.83555,-87.97755,460.9
43.83555,-87.9774,499.9
43.83555,-87.97725,538.8
43.83555,-87.9771,577.8
43.83555,-87.97695,616.8
43.83555,-87.9768,655.7
43.83555,-87.97665,694.7
43.83555,-87.9765,733.6
43.83555,-87.97635,772.6
43.83555,-87.9762,811.5
43.83555,-87.97605,850.5
43.83555,-87.9759,889.4
43.83555,-87.97575,928.4
43.83555,-87.9756,967.3
43.83555,-87.97545,1006.3
43.83555,-87.9753,1044.4
43.83555,-87.97515,1079.4
43.83555,-87.975,1114.7
43.83555,-87.97485,1150.2
43.83555,-87.9747,1186.0
43.83555,-87.97455,1222.0
43.83555,-87.9744,1258.3
43.83555,-87.97425,1294.7
43.83555,-87.9741,1331.3
43.83555,-87.97395,1368.0
43.83555,-87.9738,1398.0
43.83555,-87.97365,1388.9
43.83555,-87.9735,1361.9
43.83555,-87.97335,1335.5
43.83555,-87.9732,1309.8
43.83555,-87.97305,1284.8
43.83555,-87.9729,1258.3
43.83555,-87.97275,1222.0
43.83555,-87.9726,1186.0
43.83555,-87.97245,1150.2
43.83555,-87.9723,1114.7
43.83555,-87.97215,1079.4
43.83555,-87.972,1044.4
43.83555,-87.97185,1006.3
43.83555,-87.9717,967.3
43.83555,-87.97155,928.4
43.83555,-87.9714,889.4
43.83555,-87.97125,850.5
43.83555,-87.9711,811.5
43.83555,-87.97095,772.6
43.83555,-87.9708,733.6
43.83555,-87.97065,694.7
43.83555,-87.9705,655.7
43.83555,-87.97035,616.8
43.83555,-87.9702,577.8
43.83555,-87.97005,538.8
43.83555,-87.9699,499.9
43.83555,-87.96975,460.9
43.83555,-87.9696,422.0
43.8357,-87.9777,437.1
43.8357,-87.97755,476.1
43.8357,-87.9774,515.0
43.8357,-87.97725,554.0
43.8357,-87.9771,592.9
43.8357,-87.97695,631.9
43.8357,-87.9768,670.9
43.8357,-87.97665,709.8
43.8357,-87.9765,748.8
43.8357,-87.97635,787.7
43.8357,-87.9762,826.7
43.8357,-87.97605,865.6
43.8357,-87.9759,904.6
43.8357,-87.97575,943.5
43.8357,-87.9756,982.5
43.8357,-87.97545,1021.4
43.8357,-87.9753,1060.4
43.8357,-87.97515,1099.3
43.8357,-87.975,1138.3
43.8357,-87.97485,1174.7
43.8357,-87.9747,1209.8
43.8357,-87.97455,1245.1
43.8357,-87.9744,1280.7
43.8357,-87.97425,1316.5
43.8357,-87.9741,1352.5
43.8357,-87.97395,1388.7
43.8357,-87.9738,1425.0
43.8357,-87.97365,1428.9
43.8357,-87.9735,1402.7
43.8357,-87.97335,1377.1
43.8357,-87.9732,1352.2
43.8357,-87.97305,1316.5
43.8357,-87.9729,1280.7
43.8357,-87.97275,1245.1
43.8357,-87.9726,1209.8
43.8357,-87.97245,1174.7
43.8357,-87.9723,1138.3
43.8357,-87.97215,1099.3
43.8357,-87.972,1060.4
43.8357,-87.97185,1021.4
43.8357,-87.9717,982.5
43.8357,-87.97155,943.5
43.8357,-87.9714,904.6
43.8357,-87.97125,865.6
43.8357,-87.9711,826.7
43.8357,-87.97095,787.7
43.8357,-87.9708,748.8
43.8357,-87.97065,709.8
43.8357,-87.9705,670.9
43.8357,-87.97035,631.9
43.8357,-87.9702,592.9
43.8357,-87.97005,554.0
43.8357,-87.9699,515.0
43.8357,-87.96975,476.1
43.8357,-87.9696,437.1
43.83585,-87.97785,413.3
43.83585,-87.9777,452.3
43.83585,-87.97755,491.2
43.83585,-87.9774,530.2
43.83585,-87.97725,569.1
43.83585,-87.9771,608.1
43.83585,-87.97695,647.0
43.83585,-87.9768,686.0
43.83585,-87.97665,725.0
43.83585,-87.9765,763.9
43.83585,-87.97635,802.9
43.83585,-87.9762,841.8
43.83585,-87.97605,880.8
43.83585,-87.9759,919.7
43.83585,-87.97575,958.7
43.83585,-87.9756,997.6
43.83585,-87.97545,1036.6
43.83585,-87.9753,1075.5
43.83585,-87.97515,1114.5
43.83585,-87.975,1153.4
43.83585,-87.97485,1192.4
43.83585,-87.9747,1231.3
43.83585,-87.97455,1270.1
43.83585,-87.9744,1305.0
43.83585,-87.97425,1340.1
43.83585,-87.9741,1375.5
43.83585,-87.97395,1411.1
43.83585,-87.9738,1446.9
43.83585,-87.97365,1469.9
43.83585,-87.9735,1444.4
43.83585,-87.97335,1411.1
43.83585,-87.9732,1375.5
43.83585,-87.97305,1340.1
43.83585,-87.9729,1305.0
43.83585,-87.97275,1270.1
43.83585,-87.9726,1231.3
43.83585,-87.97245,1192.4
43.83585,-87.9723,1153.4
43.83585,-87.97215,1114.5
43.83585,-87.972,1075.5
43.83585,-87.97185,1036.6
43.83585,-87.9717,997.6
43.83585,-87.97155,958.7
43.83585,-87.9714,919.7
43.83585,-87.97125,880.8
43.83585,-87.9711,841.8
43.83585,-87.97095,802.9
43.83585,-87.9708,763.9
43.83585,-87.97065,725.0
43.83585,-87.9705,686.0
43.83585,-87.97035,647.0
43.83585,-87.9702,608.1
43.83585,-87.97005,569.1
43.83585,-87.9699,530.2
43.83585,-87.96975,491.2
43.83585,-87.9696,452.3
43.83585,-87.96945,413.3
43.836,-87.97785,428.5
43.836,-87.9777,467.4
43.836,-87.97755,506.4
43.836,-87.9774,545.3
43.836,-87.97725,584.3
43.836,-87.9771,623.2
43.836,-87.97695,662.2
43.836,-87.9768,701.1
43.836,-87.97665,740.1
43.836,-87.9765,779.1
43.836,-87.97635,818.0
43.836,-87.9762,857.0
43.836,-87.97605,895.9
43.836,-87.9759,934.9
43.836,-87.97575,973.8
43.836,-87.9756,1012.8
43.836,-87.97545,1051.7
43.836,-87.9753,1090.7
43.836,-87.97515,1129.6
43.836,-87.975,1168.6
43.836,-87.97485,1207.5
43.836,-87.9747,1246.5
43.836,-87.97455,1285.4
43.836,-87.9744,1324.4
43.836,-87.97425,1363.4
43.836,-87.9741,1400.3
43.836,-87.97395,1435.3
43.836,-87.9738,1470.5
43.836,-87.97365,1505.9
43.836,-87.9735,1470.5
43.836,-87.97335,1435.3
43.836,-87.9732,1400.3
43.836,-87.97305,1363.4
43.836,-87.9729,1324.4
43.836,-87.97275,1285.4
43.836,-87.9726,1246.5
43.836,-87.97245,1207.5
43.836,-87.9723,1168.6
43.836,-87.97215,1129.6
43.836,-87.972,1090.7
43.836,-87.97185,1051.7
43.836,-87.9717,1012.8
43.836,-87.97155,973.8
43.836,-87.9714,934.9
43.836,-87.97125,895.9
43.836,-87.9711,857.0
43.836,-87.97095,818.0
43.836,-87.9708,779.1
43.836,-87.97065,740.1
43.836,-87.9705,701.1
43.836,-87.97035,662.2
43.836,-87.9702,623.2
43.836,-87.97005,584.3
43.836,-87.9699,545.3
43.836,-87.96975,506.4
43.836,-87.9696,467.4
43.836,-87.96945,428.5
43.83615,-87.97785,434.2
43.83615,-87.9777,473.7
43.83615,-87.97755,513.1
43.83615,-87.9774,552.6
43.83615,-87.97725,592.1
43.83615,-87.9771,631.6
43.83615,-87.97695,671.0
43.83615,-87.9768,710.5
43.83615,-87.97665,750.0
43.83615,-87.9765,789.4
43.83615,-87.97635,828.9
43.83615,-87.9762,868.4
43.83615,-87.97605,907.9
43.83615,-87.9759,947.3
43.83615,-87.97575,986.8
43.83615,-87.9756,1026.3
43.83615,-87.97545,1065.7
43.83615,-87.9753,1105.2
43.83615,-87.97515,1144.7
43.83615,-87.975,1183.7
43.83615,-87.97485,1222.7
43.83615,-87.9747,1261.6
43.83615,-87.97455,1300.6
43.83615,-87.9744,1339.5
43.83615,-87.97425,1378.5
43.83615,-87.9741,1417.5
43.83615,-87.97395,1456.4
43.83615,-87.9738,1495.4
43.83615,-87.97365,1530.6
43.83615,-87.9735,1495.4
43.83615,-87.97335,1456.4
43.83615,-87.9732,1417.5
43.83615,-87.97305,1378.5
43.83615,-87.9729,1339.5
43.83615,-87.97275,1300.6
43.83615,-87.9726,1261.6
43.83615,-87.97245,1222.7
43.83615,-87.9723,1183.7
43.83615,-87.97215,1144.7
43.83615,-87.972,1105.2
43.83615,-87.97185,1065.7
43.83615,-87.9717,1026.3
43.83615,-87.97155,986.8
43.83615,-87.9714,947.3
43.83615,-87.97125,907.9
43.83615,-87.9711,868.4
43.83615,-87.97095,828.9
43.83615,-87.9708,789.4
43.83615,-87.97065,750.0
43.83615,-87.9705,710.5
43.83615,-87.97035,671.0
43.83615,-87.9702,631.6
43.83615,-87.97005,592.1
43.83615,-87.9699,552.6
43.83615,-87.96975,513.1
43.83615,-87.9696,473.7
43.83615,-87.96945,434.2
43.8363,-87.97785,434.2
43.8363,-87.9777,473.7
43.8363,-87.97755,513.1
43.8363,-87.9774,552.6
43.8363,-87.97725,592.1
43.8363,-87.9771,631.6
43.8363,-87.97695,671.0
43.8363,-87.9768,710.5
43.8363,-87.97665,750.0
43.8363,-87.9765,789.4
43.8363,-87.97635,828.9
43.8363,-87.9762,868.4
43.8363,-87.97605,907.9
43.8363,-87.9759,947.3
43.8363,-87.97575,986.8
43.8363,-87.9756,1026.3
43.8363,-87.97545,1065.7
43.8363,-87.9753,1105.2
43.8363,-87.97515,1144.7
43.8363,-87.975,1184.2
43.8363,-87.97485,1223.6
43.8363,-87.9747,1263.1
43.8363,-87.97455,1302.6
43.8363,-87.9744,1342.1
43.8363,-87.97425,1381.5
43.8363,-87.9741,1421.0
43.8363,-87.97395,1460.5
43.8363,-87.9738,1499.9
43.8363,-87.97365,1539.4
43.8363,-87.9735,1499.9
43.8363,-87.97335,1460.5
43.8363,-87.9732,1421.0
43.8363,-87.97305,1381.5
43.8363,-87.9729,1342.1
43.8363,-87.97275,1302.6
43.8363,-87.9726,1263.1
43.8363,-87.97245,1223.6
43.8363,-87.9723,1184.2
43.8363,-87.97215,1144.7
43.8363,-87.972,1105.2
43.8363,-87.97185,1065.7
43.8363,-87.9717,1026.3
43.8363,-87.97155,986.8
43.8363,-87.9714,947.3
43.8363,-87.97125,907.9
43.8363,-87.9711,868.4
43.8363,-87.97095,828.9
43.8363,-87.9708,789.4
43.8363,-87.97065,750.0
43.8363,-87.9705,710.5
43.8363,-87.97035,671.0
43.8363,-87.9702,631.6
43.8363,-87.97005,592.1
43.8363,-87.9699,552.6
43.8363,-87.96975,513.1
43.8363,-87.9696,473.7
43.8363,-87.96945,434.2
43.83645,-87.97785,434.2
43.83645,-87.9777,473.7
43.83645,-87.97755,513.1
43.83645,-87.9774,552.6
43.83645,-87.97725,592.1
43.83645,-87.9771,631.6
43.83645,-87.97695,671.0
43.83645,-87.9768,710.5
43.83645,-87.97665,750.0
43.83645,-87.9765,789.4
43.83645,-87.97635,828.9
43.83645,-87.9762,868.4
43.83645,-87.97605,907.9
43.83645,-87.9759,947.3
43.83645,-87.97575,986.8
43.83645,-87.9756,1026.3
43.83645,-87.97545,1065.7
43.83645,-87.9753,1105.2
43.83645,-87.97515,1144.7
43.83645,-87.975,1184.2
43.83645,-87.97485,1223.6
43.83645,-87.9747,1263.1
43.83645,-87.97455,1302.6
43.83645,-87.9744,1342.0
43.83645,-87.97425,1381.5
43.83645,-87.9741,1421.0
43.83645,-87.97395,1460.5
43.83645,-87.9738,1499.9
43.83645,-87.97365,1539.4
43.83645,-87.9735,1499.9
43.83645,-87.97335,1460.5
43.83645,-87.9732,1421.0
43.83645,-87.97305,1381.5
43.83645,-87.9729,1342.0
43.83645,-87.97275,1302.6
43.83645,-87.9726,1263.1
43.83645,-87.97245,1223.6
43.83645,-87.9723,1184.2
43.83645,-87.97215,1144.7
43.83645,-87.972,1105.2
43.83645,-87.97185,1065.7
43.83645,-87.9717,1026.3
43.83645,-87.97155,986.8
43.83645,-87.9714,947.3
43.83645,-87.97125,907.9
43.83645,-87.9711,868.4
43.83645,-87.97095,828.9
43.83645,-87.9708,789.4
43.83645,-87.97065,750.0
43.83645,-87.9705,710.5
43.83645,-87.97035,671.0
43.83645,-87.9702,631.6
43.83645,-87.97005,592.1
43.83645,-87.9699,552.6
43.83645,-87.96975,513.1
43.83645,-87.9696,473.7
43.83645,-87.96945,434.2
43.8366,-87.97785,434.2
43.8366,-87.9777,473.7
43.8366,-87.97755,513.1
43.8366,-87.9774,552.6
43.8366,-87.97725,592.1
43.8366,-87.9771,631.6
43.8366,-87.97695,671.0
43.8366,-87.9768,710.5
43.8366,-87.97665,750.0
43.8366,-87.9765,789.4
43.8366,-87.97635,828.9
43.8366,-87.9762,868.4
43.8366,-87.97605,907.9
43.8366,-87.9759,947.3
43.8366,-87.97575,986.8
43.8366,-87.9756,1026.3
43.8366,-87.97545,1065.7
43.8366,-87.9753,1105.2
43.8366,-87.97515,1144.7
43.8366,-87.975,1184.2
43.8366,-87.97485,1223.6
43.8366,-87.9747,1263.1
43.8366,-87.97455,1302.6
43.8366,-87.9744,1342.0
43.8366,-87.97425,1381.5
43.8366,-87.9741,1421.0
43.8366,-87.97395,1460.5
43.8366,-87.9738,1499.9
43.8366,-87.97365,1539.4
43.8366,-87.9735,1499.9
43.8366,-87.97335,1460.5
43.8366,-87.9732,1421.0
43.8366,-87.97305,1381.5
43.8366,-87.9729,1342.0
43.8366,-87.97275,1302.6
43.8366,-87.9726,1263.1
43.8366,-87.97245,1223.6
43.8366,-87.9723,1184.2
43.8366,-87.97215,1144.7
43.8366,-87.972,1105.2
43.8366,-87.97185,1065.7
43.8366,-87.9717,1026.3
43.8366,-87.97155,986.8
43.8366,-87.9714,947.3
43.8366,-87.97125,907.9
43.8366,-87.9711,868.4
43.8366,-87.97095,828.9
43.8366,-87.9708,789.4
43.8366,-87.97065,750.0
43.8366,-87.9705,710.5
43.8366,-87.97035,671.0
43.8366,-87.9702,631.6
43.8366,-87.97005,592.1
43.8366,-87.9699,552.6
43.8366,-87.96975,513.1
43.8366,-87.9696,473.7
43.8366,-87.96945,434.2
43.83675,-87.97785,434.2
43.83675,-87.9777,473.7
43.83675,-87.97755,513.1
43.83675,-87.9774,552.6
43.83675,-87.97725,592.1
43.83675,-87.9771,631.5
43.83675,-87.97695,671.0
43.83675,-87.9768,710.5
43.83675,-87.97665,750.0
43.83675,-87.9765,789.4
43.83675,-87.97635,828.9
43.83675,-87.9762,868.4
43.83675,-87.97605,907.9
43.83675,-87.9759,947.3
43.83675,-87.97575,986.8
43.83675,-87.9756,1026.3
43.83675,-87.97545,1065.7
43.83675,-87.9753,1105.2
43.83675,-87.97515,1144.7
43.83675,-87.975,1184.2
43.83675,-87.97485,1223.6
43.83675,-87.9747,1263.1
43.83675,-87.97455,1302.6
43.83675,-87.9744,1342.0
43.83675,-87.97425,1381.5
43.83675,-87.9741,1421.0
43.83675,-87.97395,1460.5
43.83675,-87.9738,1499.9
43.83675,-87.97365,1539.4
43.83675,-87.9735,1499.9
43.83675,-87.97335,1460.5
43.83675,-87.9732,1421.0
43.83675,-87.97305,1381.5
43.83675,-87.9729,1342.0
43.83675,-87.97275,1302.6
43.83675,-87.9726,1263.1
43.83675,-87.97245,1223.6
43.83675,-87.9723,1184.2
43.83675,-87.97215,1144.7
43.83675,-87.972,1105.2
43.83675,-87.97185,1065.7
43.83675,-87.9717,1026.3
43.83675,-87.97155,986.8
43.83675,-87.9714,947.3
43.83675,-87.97125,907.9
43.83675,-87.9711,868.4
43.83675,-87.97095,828.9
43.83675,-87.9708,789.4
43.83675,-87.97065,750.0
43.83675,-87.9705,710.5
43.83675,-87.97035,671.0
43.83675,-87.9702,631.5
43.83675,-87.97005,592.1
43.83675,-87.9699,552.6
43.83675,-87.96975,513.1
43.83675,-87.9696,473.7
43.83675,-87.96945,434.2
43.8369,-87.97785,434.2
43.8369,-87.9777,473.7
43.8369,-87.97755,513.1
43.8369,-87.9774,552.6
43.8369,-87.97725,592.1
43.8369,-87.9771,631.5
43.8369,-87.97695,671.0
43.8369,-87.9768,710.5
43.8369,-87.97665,750.0
43.8369,-87.9765,789.4
43.8369,-87.97635,828.9
43.8369,-87.9762,868.4
43.8369,-87.97605,907.8
43.8369,-87.9759,947.3
43.8369,-87.97575,986.8
43.8369,-87.9756,1026.3
43.8369,-87.97545,1065.7
43.8369,-87.9753,1105.2
43.8369,-87.97515,1144.7
43.8369,-87.975,1184.2
43.8369,-87.97485,1223.6
43.8369,-87.9747,1263.1
43.8369,-87.97455,1302.6
43.8369,-87.9744,1342.0
43.8369,-87.97425,1381.5
43.8369,-87.9741,1421.0
43.8369,-87.97395,1460.5
43.8369,-87.9738,1499.9
43.8369,-87.97365,1539.4
43.8369,-87.9735,1499.9
43.8369,-87.97335,1460.5
43.8369,-87.9732,1421.0
43.8369,-87.97305,1381.5
43.8369,-87.9729,1342.0
43.8369,-87.97275,1302.6
43.8369,-87.9726,1263.1
43.8369,-87.97245,1223.6
43.8369,-87.9723,1184.2
43.8369,-87.97215,1144.7
43.8369,-87.972,1105.2
43.8369,-87.97185,1065.7
43.8369,-87.9717,1026.3
43.8369,-87.97155,986.8
43.8369,-87.9714,947.3
43.8369,-87.97125,907.8
43.8369,-87.9711,868.4
43.8369,-87.97095,828.9
43.8369,-87.9708,789.4
43.8369,-87.97065,750.0
43.8369,-87.9705,710.5
43.8369,-87.97035,671.0
43.8369,-87.9702,631.5
43.8369,-87.97005,592.1
43.8369,-87.9699,552.6
43.8369,-87.96975,513.1
43.8369,-87.9696,473.7
43.8369,-87.96945,434.2
43.83705,-87.97785,434.2
43.83705,-87.9777,473.7
43.83705,-87.97755,513.1
43.83705,-87.9774,552.6
43.83705,-87.97725,592.1
43.83705,-87.9771,631.5
43.83705,-87.97695,671.0
43.83705,-87.9768,710.5
43.83705,-87.97665,750.0
43.83705,-87.9765,789.4
43.83705,-87.97635,828.9
43.83705,-87.9762,868.4
43.83705,-87.97605,907.8
43.83705,-87.9759,947.3
43.83705,-87.97575,986.8
43.83705,-87.9756,1026.3
43.83705,-87.97545,1065.7
43.83705,-87.9753,1105.2
43.83705,-87.97515,1144.7
43.83705,-87.975,1184.1
43.83705,-87.97485,1223.6
43.83705,-87.9747,1263.1
43.83705,-87.97455,1302.6
43.83705,-87.9744,1342.0
43.83705,-87.97425,1381.5
43.83705,-87.9741,1421.0
43.83705,-87.97395,1460.4
43.83705,-87.9738,1499.9
43.83705,-87.97365,1539.4
43.83705,-87.9735,1499.9
43.83705,-87.97335,1460.4
43.83705,-87.9732,1421.0
43.83705,-87.97305,1381.5
43.83705,-87.9729,1342.0
43.83705,-87.97275,1302.6
43.83705,-87.9726,1263.1
43.83705,-87.97245,1223.6
43.83705,-87.9723,1184.1
43.83705,-87.97215,1144.7
43.83705,-87.972,1105.2
43.83705,-87.97185,1065.7
43.83705,-87.9717,1026.3
43.83705,-87.97155,986.8
43.83705,-87.9714,947.3
43.83705,-87.97125,907.8
43.83705,-87.9711,868.4
43.83705,-87.97095,828.9
43.83705,-87.9708,789.4
43.83705,-87.97065,750.0
43.83705,-87.9705,710.5
43.83705,-87.97035,671.0
43.83705,-87.9702,631.5
43.83705,-87.97005,592.1
43.83705,-87.9699,552.6
43.83705,-87.96975,513.1
43.83705,-87.9696,473.7
43.83705,-87.96945,434.2
43.8372,-87.97785,434.2
43.8372,-87.9777,473.7
43.8372,-87.97755,513.1
43.8372,-87.9774,552.6
43.8372,-87.97725,592.1
43.8372,-87.9771,631.5
43.8372,-87.97695,671.0
43.8372,-87.9768,710.5
43.8372,-87.97665,750.0
43.8372,-87.9765,789.4
43.8372,-87.97635,828.9
43.8372,-87.9762,868.4
43.8372,-87.97605,907.8
43.8372,-87.9759,947.3
43.8372,-87.97575,986.8
43.8372,-87.9756,1026.3
43.8372,-87.97545,1065.7
43.8372,-87.9753,1105.2
43.8372,-87.97515,1144.7
43.8372,-87.975,1184.1
43.8372,-87.97485,1223.6
43.8372,-87.9747,1263.1
43.8372,-87.97455,1302.6
43.8372,-87.9744,1342.0
43.8372,-87.97425,1381.5
43.8372,-87.9741,1421.0
43.8372,-87.97395,1460.4
43.8372,-87.9738,1499.9
43.8372,-87.97365,1539.4
43.8372,-87.9735,1499.9
43.8372,-87.97335,1460.4
43.8372,-87.9732,1421.0
43.8372,-87.97305,1381.5
43.8372,-87.9729,1342.0
43.8372,-87.97275,1302.6
43.8372,-87.9726,1263.1
43.8372,-87.97245,1223.6
43.8372,-87.9723,1184.1
43.8372,-87.97215,1144.7
43.8372,-87.972,1105.2
43.8372,-87.97185,1065.7
43.8372,-87.9717,1026.3
43.8372,-87.97155,986.8
43.8372,-87.9714,947.3
43.8372,-87.97125,907.8
43.8372,-87.9711,868.4
43.8372,-87.97095,828.9
43.8372,-87.9708,789.4
43.8372,-87.97065,750.0
43.8372,-87.9705,710.5
43.8372,-87.97035,671.0
43.8372,-87.9702,631.5
43.8372,-87.97005,592.1
43.8372,-87.9699,552.6
43.8372,-87.96975,513.1
43.8372,-87.9696,473.7
43.8372,-87.96945,434.2
43.83735,-87.97785,434.2
43.83735,-87.9777,473.7
43.83735,-87.97755,513.1
43.83735,-87.9774,552.6
43.83735,-87.97725,592.1
43.83735,-87.9771,631.5
43.83735,-87.97695,671.0
43.83735,-87.9768,710.5
43.83735,-87.97665,750.0
43.83735,-87.9765,789.4
43.83735,-87.97635,828.9
43.83735,-87.9762,868.4
43.83735,-87.97605,907.8
43.83735,-87.9759,947.3
43.83735,-87.97575,986.8
43.83735,-87.9756,1026.3
43.83735,-87.97545,1065.7
43.83735,-87.9753,1105.2
43.83735,-87.97515,1144.7
43.83735,-87.975,1184.1
43.83735,-87.97485,1223.6
43.83735,-87.9747,1263.1
43.83735,-87.97455,1302.6
43.83735,-87.9744,1342.0
43.83735,-87.97425,1381.5
43.83735,-87.9741,1421.0
43.83735,-87.97395,1460.4
43.83735,-87.9738,1499.9
43.83735,-87.97365,1539.4
43.83735,-87.9735,1499.9
43.83735,-87.97335,1460.4
43.83735,-87.9732,1421.0
43.83735,-87.97305,1381.5
43.83735,-87.9729,1342.0
43.83735,-87.97275,1302.6
43.83735,-87.9726,1263.1
43.83735,-87.97245,1223.6
43.83735,-87.9723,1184.1
43.83735,-87.97215,1144.7
43.83735,-87.972,1105.2
43.83735,-87.97185,1065.7
43.83735,-87.9717,1026.3
43.83735,-87.97155,986.8
43.83735,-87.9714,947.3
43.83735,-87.97125,907.8
43.83735,-87.9711,868.4
43.83735,-87.97095,828.9
43.83735,-87.9708,789.4
43.83735,-87.97065,750.0
43.83735,-87.9705,710.5
43.83735,-87.97035,671.0
43.83735,-87.9702,631.5
43.83735,-87.97005,592.1
43.83735,-87.9699,552.6
43.83735,-87.96975,513.1
43.83735,-87.9696,473.7
43.83735,-87.96945,434.2
43.8375,-87.97785,434.2
43.8375,-87.9777,473.7
43.8375,-87.97755,513.1
43.8375,-87.9774,552.6
43.8375,-87.97725,592.1
43.8375,-87.9771,631.5
43.8375,-87.97695,671.0
43.8375,-87.9768,710.5
43.8375,-87.97665,750.0
43.8375,-87.9765,789.4
43.8375,-87.97635,828.9
43.8375,-87.9762,868.4
43.8375,-87.97605,907.8
43.8375,-87.9759,947.3
43.8375,-87.97575,986.8
43.8375,-87.9756,1026.3
43.8375,-87.97545,1065.7
43.8375,-87.9753,1105.2
43.8375,-87.97515,1144.7
43.8375,-87.975,1184.1
43.8375,-87.97485,1223.6
43.8375,-87.9747,1263.1
43.8375,-87.97455,1302.6
43.8375,-87.9744,1342.0
43.8375,-87.97425,1381.5
43.8375,-87.9741,1421.0
43.8375,-87.97395,1460.4
43.8375,-87.9738,1499.9
43.8375,-87.97365,1539.4
43.8375,-87.9735,1499.9
43.8375,-87.97335,1460.4
43.8375,-87.9732,1421.0
43.8375,-87.97305,1381.5
43.8375,-87.9729,1342.0
43.8375,-87.97275,1302.6
43.8375,-87.9726,1263.1
43.8375,-87.97245,1223.6
43.8375,-87.9723,1184.1
43.8375,-87.97215,1144.7
43.8375,-87.972,1105.2
43.8375,-87.97185,1065.7
43.8375,-87.9717,1026.3
43.8375,-87.97155,986.8
43.8375,-87.9714,947.3
43.8375,-87.97125,907.8
43.8375,-87.9711,868.4
43.8375,-87.97095,828.9
43.8375,-87.9708,789.4
43.8375,-87.97065,750.0
43.8375,-87.9705,710.5
43.8375,-87.97035,671.0
43.8375,-87.9702,631.5
43.8375,-87.97005,592.1
43.8375,-87.9699,552.6
43.8375,-87.96975,513.1
43.8375,-87.9696,473.7
43.8375,-87.96945,434.2
43.83765,-87.97785,434.2
43.83765,-87.9777,473.7
43.83765,-87.97755,513.1
43.83765,-87.9774,552.6
43.83765,-87.97725,592.1
43.83765,-87.9771,631.5
43.83765,-87.97695,671.0
43.83765,-87.9768,710.5
43.83765,-87.97665,750.0
43.83765,-87.9765,789.4
43.83765,-87.97635,828.9
43.83765,-87.9762,868.4
43.83765,-87.97605,907.8
43.83765,-87.9759,947.3
43.83765,-87.97575,986.8
43.83765,-87.9756,1026.3
43.83765,-87.97545,1065.7
43.83765,-87.9753,1105.2
43.83765,-87.97515,1144.7
43.83765,-87.975,1184.1
43.83765,-87.97485,1223.6
43.83765,-87.9747,1263.1
43.83765,-87.97455,1302.5
43.83765,-87.9744,1342.0
43.83765,-87.97425,1381.5
43.83765,-87.9741,1421.0
43.83765,-87.97395,1460.4
43.83765,-87.9738,1499.9
43.83765,-87.97365,1539.4
43.83765,-87.9735,1499.9
43.83765,-87.97335,1460.4
43.83765,-87.9732,1421.0
43.83765,-87.97305,1381.5
43.83765,-87.9729,1342.0
43.83765,-87.97275,1302.5
43.83765,-87.9726,1263.1
43.83765,-87.97245,1223.6
43.83765,-87.9723,1184.1
43.83765,-87.97215,1144.7
43.83765,-87.972,1105.2
43.83765,-87.97185,1065.7
43.83765,-87.9717,1026.3
43.83765,-87.97155,986.8
43.83765,-87.9714,947.3
43.83765,-87.97125,907.8
43.83765,-87.9711,868.4
43.83765,-87.97095,828.9
43.83765,-87.9708,789.4
43.83765,-87.97065,750.0
43.83765,-87.9705,710.5
43.83765,-87.97035,671.0
43.83765,-87.9702,631.5
43.83765,-87.97005,592.1
43.83765,-87.9699,552.6
43.83765,-87.96975,513.1
43.83765,-87.9696,473.7
43.83765,-87.96945,434.2
43.8378,-87.97785,434.2
43.8378,-87.9777,473.7
43.8378,-87.97755,513.1
43.8378,-87.9774,552.6
43.8378,-87.97725,592.1
43.8378,-87.9771,631.5
43.8378,-87.97695,671.0
43.8378,-87.9768,710.5
43.8378,-87.97665,750.0
43.8378,-87.9765,789.4
43.8378,-87.97635,828.9
43.8378,-87.9762,868.4
43.8378,-87.97605,907.8
43.8378,-87.9759,947.3
43.8378,-87.97575,986.8
43.8378,-87.9756,1026.2
43.8378,-87.97545,1065.7
43.8378,-87.9753,1105.2
43.8378,-87.97515,1144.7
43.8378,-87.975,1184.1
43.8378,-87.97485,1223.6
43.8378,-87.9747,1263.1
43.8378,-87.97455,1302.5
43.8378,-87.9744,1342.0
43.8378,-87.97425,1381.5
43.8378,-87.9741,1421.0
43.8378,-87.97395,1460.4
43.8378,-87.9738,1499.9
43.8378,-87.97365,1539.4
43.8378,-87.9735,1499.9
43.8378,-87.97335,1460.4
43.8378,-87.9732,1421.0
43.8378,-87.97305,1381.5
43.8378,-87.9729,1342.0
43.8378,-87.97275,1302.5
43.8378,-87.9726,1263.1
43.8378,-87.97245,1223.6
43.8378,-87.9723,1184.1
43.8378,-87.97215,1144.7
43.8378,-87.972,1105.2
43.8378,-87.97185,1065.7
43.8378,-87.9717,1026.2
43.8378,-87.97155,986.8
43.8378,-87.9714,947.3
43.8378,-87.97125,907.8
43.8378,-87.9711,868.4
43.8378,-87.97095,828.9
43.8378,-87.9708,789.4
43.8378,-87.97065,750.0
43.8378,-87.9705,710.5
43.8378,-87.97035,671.0
43.8378,-87.9702,631.5
43.8378,-87.97005,592.1
43.8378,-87.9699,552.6
43.8378,-87.96975,513.1
43.8378,-87.9696,473.7
43.8378,-87.96945,434.2
43.83795,-87.97785,434.2
43.83795,-87.9777,473.6
43.83795,-87.97755,512.7
43.83795,-87.9774,551.7
43.83795,-87.97725,590.8
43.83795,-87.9771,629.9
43.83795,-87.97695,669.0
43.83795,-87.9768,708.1
43.83795,-87.97665,747.2
43.83795,-87.9765,786.2
43.83795,-87.97635,825.3
43.83795,-87.9762,864.4
43.83795,-87.97605,903.5
43.83795,-87.9759,942.6
43.83795,-87.97575,981.7
43.83795,-87.9756,1020.7
43.83795,-87.97545,1059.8
43.83795,-87.9753,1098.9
43.83795,-87.97515,1138.0
43.83795,-87.975,1177.1
43.83795,-87.97485,1216.2
43.83795,-87.9747,1255.3
43.83795,-87.97455,1294.3
43.83795,-87.9744,1333.4
43.83795,-87.97425,1372.5
43.83795,-87.9741,1411.6
43.83795,-87.97395,1450.7
43.83795,-87.9738,1489.8
43.83795,-87.97365,1528.8
43.83795,-87.9735,1489.8
43.83795,-87.97335,1450.7
43.83795,-87.9732,1411.6
43.83795,-87.97305,1372.5
43.83795,-87.9729,1333.4
43.83795,-87.97275,1294.3
43.83795,-87.9726,1255.3
43.83795,-87.97245,1216.2
43.83795,-87.9723,1177.1
43.83795,-87.97215,1138.0
43.83795,-87.972,1098.9
43.83795,-87.97185,1059.8
43.83795,-87.9717,1020.7
43.83795,-87.97155,981.7
43.83795,-87.9714,942.6
43.83795,-87.97125,903.5
43.83795,-87.9711,864.4
43.83795,-87.97095,825.3
43.83795,-87.9708,786.2
43.83795,-87.97065,747.2
43.83795,-87.9705,708.1
43.83795,-87.97035,669.0
43.83795,-87.9702,629.9
43.83795,-87.97005,590.8
43.83795,-87.9699,551.7
43.83795,-87.96975,512.7
43.83795,-87.9696,473.6
43.83795,-87.96945,434.2
43.8381,-87.97785,420.8
43.8381,-87.9777,459.9
43.8381,-87.97755,499.0
43.8381,-87.9774,538.1
43.8381,-87.97725,577.1
43.8381,-87.9771,616.2
43.8381,-87.97695,655.3
43.8381,-87.9768,694.4
43.8381,-87.97665,733.5
43.8381,-87.9765,772.6
43.8381,-87.97635,811.6
43.8381,-87.9762,850.7
43.8381,-87.97605,889.8
43.8381,-87.9759,928.9
43.8381,-87.97575,968.0
43.8381,-87.9756,1007.1
43.8381,-87.97545,1046.2
43.8381,-87.9753,1085.2
43.8381,-87.97515,1124.3
43.8381,-87.975,1163.4
43.8381,-87.97485,1202.5
43.8381,-87.9747,1241.6
43.8381,-87.97455,1280.7
43.8381,-87.9744,1319.7
43.8381,-87.97425,1358.8
43.8381,-87.9741,1397.9
43.8381,-87.97395,1437.0
43.8381,-87.9738,1476.1
43.8381,-87.97365,1515.2
43.8381,-87.9735,1476.1
43.8381,-87.97335,1437.0
43.8381,-87.9732,1397.9
43.8381,-87.97305,1358.8
43.8381,-87.9729,1319.7
43.8381,-87.97275,1280.7
43.8381,-87.9726,1241.6
43.8381,-87.97245,1202.5
43.8381,-87.9723,1163.4
43.8381,-87.97215,1124.3
43.8381,-87.972,1085.2
43.8381,-87.97185,1046.2
43.8381,-87.9717,1007.1
43.8381,-87.97155,968.0
43.8381,-87.9714,928.9
43.8381,-87.97125,889.8
43.8381,-87.9711,850.7
43.8381,-87.97095,811.6
43.8381,-87.9708,772.6
43.8381,-87.97065,733.5
43.8381,-87.9705,694.4
43.8381,-87.97035,655.3
43.8381,-87.9702,616.2
43.8381,-87.97005,577.1
43.8381,-87.9699,538.1
43.8381,-87.96975,499.0
43.8381,-87.9696,459.9
43.8381,-87.96945,420.8
43.83825,-87.97785,407.1
43.83825,-87.9777,446.2
43.83825,-87.97755,485.3
43.83825,-87.9774,524.4
43.83825,-87.97725,563.5
43.83825,-87.9771,602.5
43.83825,-87.97695,641.6
43.83825,-87.9768,680.7
43.83825,-87.97665,719.8
43.83825,-87.9765,758.9
43.83825,-87.97635,798.0
43.83825,-87.9762,837.1
43.83825,-87.97605,876.1
43.83825,-87.9759,915.2
43.83825,-87.97575,954.3
43.83825,-87.9756,993.4
43.83825,-87.97545,1032.5
43.83825,-87.9753,1071.6
43.83825,-87.97515,1110.6
43.83825,-87.975,1149.7
43.83825,-87.97485,1188.8
43.83825,-87.9747,1227.9
43.83825,-87.97455,1267.0
43.83825,-87.9744,1306.1
43.83825,-87.97425,1345.1
43.83825,-87.9741,1384.2
43.83825,-87.97395,1423.3
43.83825,-87.9738,1462.4
43.83825,-87.97365,1498.0
43.83825,-87.9735,1462.4
43.83825,-87.97335,1423.3
43.83825,-87.9732,1384.2
43.83825,-87.97305,1345.1
43.83825,-87.9729,1306.1
43.83825,-87.97275,1267.0
43.83825,-87.9726,1227.9
43.83825,-87.97245,1188.8
43.83825,-87.9723,1149.7
43.83825,-87.97215,1110.6
43.83825,-87.972,1071.6
43.83825,-87.97185,1032.5
43.83825,-87.9717,993.4
43.83825,-87.97155,954.3
43.83825,-87.9714,915.2
43.83825,-87.97125,876.1
43.83825,-87.9711,837.1
43.83825,-87.97095,798.0
43.83825,-87.9708,758.9
43.83825,-87.97065,719.8
43.83825,-87.9705,680.7
43.83825,-87.97035,641.6
43.83825,-87.9702,602.5
43.83825,-87.97005,563.5
43.83825,-87.9699,524.4
43.83825,-87.96975,485.3
43.83825,-87.9696,446.2
43.83825,-87.96945,407.1
43.8384,-87.9777,432.5
43.8384,-87.97755,471.6
43.8384,-87.9774,510.7
43.8384,-87.97725,549.8
43.8384,-87.9771,588.9
43.8384,-87.97695,628.0
43.8384,-87.9768,667.0
43.8384,-87.97665,706.1
43.8384,-87.9765,745.2
43.8384,-87.97635,784.3
43.8384,-87.9762,823.4
43.8384,-87.97605,862.5
43.8384,-87.9759,901.5
43.8384,-87.97575,940.6
43.8384,-87.9756,979.7
43.8384,-87.97545,1018.8
43.8384,-87.9753,1057.9
43.8384,-87.97515,1097.0
43.8384,-87.975,1136.0
43.8384,-87.97485,1175.1
43.8384,-87.9747,1214.2
43.8384,-87.97455,1253.3
43.8384,-87.9744,1292.4
43.8384,-87.97425,1331.5
43.8384,-87.9741,1367.6
43.8384,-87.97395,1403.4
43.8384,-87.9738,1439.3
43.8384,-87.97365,1475.5
43.8384,-87.9735,1439.3
43.8384,-87.97335,1403.4
43.8384,-87.9732,1367.6
43.8384,-87.97305,1331.5
43.8384,-87.9729,1292.4
43.8384,-87.97275,1253.3
43.8384,-87.9726,1214.2
43.8384,-87.97245,1175.1
43.8384,-87.9723,1136.0
43.8384,-87.97215,1097.0
43.8384,-87.972,1057.9
43.8384,-87.97185,1018.8
43.8384,-87.9717,979.7
43.8384,-87.97155,940.6
43.8384,-87.9714,901.5
43.8384,-87.97125,862.5
43.8384,-87.9711,823.4
43.8384,-87.97095,784.3
43.8384,-87.9708,745.2
43.8384,-87.97065,706.1
43.8384,-87.9705,667.0
43.8384,-87.97035,628.0
43.8384,-87.9702,588.9
43.8384,-87.97005,549.8
43.8384,-87.9699,510.7
43.8384,-87.96975,471.6
43.8384,-87.9696,432.5
43.83855,-87.9777,418.9
43.83855,-87.97755,457.9
43.83855,-87.9774,497.0
43.83855,-87.97725,536.1
43.83855,-87.9771,575.2
43.83855,-87.97695,614.3
43.83855,-87.9768,653.4
43.83855,-87.97665,692.4
43.83855,-87.9765,731.5
43.83855,-87.97635,770.6
43.83855,-87.9762,809.7
43.83855,-87.97605,848.8
43.83855,-87.9759,887.9
43.83855,-87.97575,926.9
43.83855,-87.9756,966.0
43.83855,-87.97545,1005.1
43.83855,-87.9753,1044.2
43.83855,-87.97515,1083.3
43.83855,-87.975,1122.4
43.83855,-87.97485,1161.4
43.83855,-87.9747,1200.5
43.83855,-87.97455,1237.1
43.83855,-87.9744,1272.9
43.83855,-87.97425,1308.9
43.83855,-87.9741,1345.1
43.83855,-87.97395,1381.5
43.83855,-87.9738,1418.0
43.83855,-87.97365,1454.7
43.83855,-87.9735,1418.0
43.83855,-87.97335,1381.5
43.83855,-87.9732,1345.1
43.83855,-87.97305,1308.9
43.83855,-87.9729,1272.9
43.83855,-87.97275,1237.1
43.83855,-87.9726,1200.5
43.83855,-87.97245,1161.4
43.83855,-87.9723,1122.4
43.83855,-87.97215,1083.3
43.83855,-87.972,1044.2
43.83855,-87.97185,1005.1
43.83855,-87.9717,966.0
43.83855,-87.97155,926.9
43.83855,-87.9714,887.9
43.83855,-87.97125,848.8
43.83855,-87.9711,809.7
43.83855,-87.97095,770.6
43.83855,-87.9708,731.5
43.83855,-87.97065,692.4
43.83855,-87.9705,653.4
43.83855,-87.97035,614.3
43.83855,-87.9702,575.2
43.83855,-87.97005,536.1
43.83855,-87.9699,497.0
43.83855,-87.96975,457.9
43.83855,-87.9696,418.9
43.8387,-87.97755,444.3
43.8387,-87.9774,483.3
43.8387,-87.97725,522.4
43.8387,-87.9771,561.5
43.8387,-87.97695,600.6
43.8387,-87.9768,639.7
43.8387,-87.97665,678.8
43.8387,-87.9765,717.8
43.8387,-87.97635,756.9
43.8387,-87.9762,796.0
43.8387,-87.97605,835.1
43.8387,-87.9759,874.2
43.8387,-87.97575,913.3
43.8387,-87.9756,952.3
43.8387,-87.97545,991.4
43.8387,-87.9753,1030.5
43.8387,-87.97515,1069.6
43.8387,-87.975,1106.7
43.8387,-87.97485,1142.5
43.8387,-87.9747,1178.5
43.8387,-87.97455,1214.7
43.8387,-87.9744,1251.2
43.8387,-87.97425,1287.8
43.8387,-87.9741,1324.5
43.8387,-87.97395,1361.5
43.8387,-87.9738,1398.5
43.8387,-87.97365,1435.7
43.8387,-87.9735,1398.5
43.8387,-87.97335,1361.5
43.8387,-87.9732,1324.5
43.8387,-87.97305,1287.8
43.8387,-87.9729,1251.2
43.8387,-87.97275,1214.7
43.8387,-87.9726,1178.5
43.8387,-87.97245,1142.5
43.8387,-87.9723,1106.7
43.8387,-87.97215,1069.6
43.8387,-87.972,1030.5
43.8387,-87.97185,991.4
43.8387,-87.9717,952.3
43.8387,-87.97155,913.3
43.8387,-87.9714,874.2
43.8387,-87.97125,835.1
43.8387,-87.9711,796.0
43.8387,-87.97095,756.9
43.8387,-87.9708,717.8
43.8387,-87.97065,678.8
43.8387,-87.9705,639.7
43.8387,-87.97035,600.6
43.8387,-87.9702,561.5
43.8387,-87.97005,522.4
43.8387,-87.9699,483.3
43.8387,-87.96975,444.3
43.83885,-87.97755,430.6
43.83885,-87.9774,469.7
43.83885,-87.97725,508.7
43.83885,-87.9771,547.8
43.83885,-87.97695,586.9
43.83885,-87.9768,626.0
43.83885,-87.97665,665.1
43.83885,-87.9765,704.2
43.83885,-87.97635,743.2
43.83885,-87.9762,782.3
43.83885,-87.97605,821.4
43.83885,-87.9759,860.5
43.83885,-87.97575,899.6
43.83885,-87.9756,938.7
43.83885,-87.97545,976.2
43.83885,-87.9753,1012.0
43.83885,-87.97515,1048.1
43.83885,-87.975,1084.4
43.83885,-87.97485,1120.9
43.83885,-87.9747,1157.5
43.83885,-87.97455,1194.4
43.83885,-87.9744,1231.5
43.83885,-87.97425,1268.6
43.83885,-87.9741,1305.9
43.83885,-87.97395,1343.4
43.83885,-87.9738,1380.9
43.83885,-87.97365,1418.6
43.83885,-87.9735,1380.9
43.83885,-87.97335,1343.4
43.83885,-87.9732,1305.9
43.83885,-87.97305,1268.6
43.83885,-87.9729,1231.5
43.83885,-87.97275,1194.4
43.83885,-87.9726,1157.5
43.83885,-87.97245,1120.9
43.83885,-87.9723,1084.4
43.83885,-87.97215,1048.1
43.83885,-87.972,1012.0
43.83885,-87.97185,976.2
43.83885,-87.9717,938.7
43.83885,-87.97155,899.6
43.83885,-87.9714,860.5
43.83885,-87.97125,821.4
43.83885,-87.9711,782.3
43.83885,-87.97095,743.2
43.83885,-87.9708,704.2
43.83885,-87.97065,665.1
43.83885,-87.9705,626.0
43.83885,-87.97035,586.9
43.83885,-87.9702,547.8
43.83885,-87.97005,508.7
43.83885,-87.9699,469.7
43.83885,-87.96975,430.6
43.839,-87.97755,416.9
43.839,-87.9774,456.0
43.839,-87.97725,495.1
43.839,-87.9771,534.1
43.839,-87.97695,573.2
43.839,-87.9768,612.3
43.839,-87.97665,651.4
43.839,-87.9765,690.5
43.839,-87.97635,729.6
43.839,-87.9762,768.6
43.839,-87.97605,807.7
43.839,-87.9759,845.8
43.839,-87.97575,881.6
43.839,-87.9756,917.7
43.839,-87.97545,954.0
43.839,-87.9753,990.6
43.839,-87.97515,1027.4
43.839,-87.975,1064.4
43.839,-87.97485,1101.5
43.839,-87.9747,1138.9
43.839,-87.97455,1176.3
43.839,-87.9744,1213.9
43.839,-87.97425,1251.6
43.839,-87.9741,1289.4
43.839,-87.97395,1327.3
43.839,-87.9738,1365.3
43.839,-87.97365,1402.1
43.839,-87.9735,1365.3
43.839,-87.97335,1327.3
43.839,-87.9732,1289.4
43.839,-87.97305,1251.6
43.839,-87.9729,1213.9
43.839,-87.97275,1176.3
43.839,-87.9726,1138.9
43.839,-87.97245,1101.5
43.839,-87.9723,1064.4
43.839,-87.97215,1027.4
43.839,-87.972,990.6
43.839,-87.97185,954.0
43.839,-87.9717,917.7
43.839,-87.97155,881.6
43.839,-87.9714,845.8
43.839,-87.97125,807.7
43.839,-87.9711,768.6
43.839,-87.97095,729.6
43.839,-87.9708,690.5
43.839,-87.97065,651.4
43.839,-87.9705,612.3
43.839,-87.97035,573.2
43.839,-87.9702,534.1
43.839,-87.97005,495.1
43.839,-87.9699,456.0
43.839,-87.96975,416.9
43.83915,-87.9774,442.3
43.83915,-87.97725,481.4
43.83915,-87.9771,520.5
43.83915,-87.97695,559.5
43.83915,-87.9768,598.6
43.83915,-87.97665,637.7
43.83915,-87.9765,676.8
43.83915,-87.97635,715.4
43.83915,-87.9762,751.1
43.83915,-87.97605,787.3
43.83915,-87.9759,823.7
43.83915,-87.97575,860.4
43.83915,-87.9756,897.3
43.83915,-87.97545,934.4
43.83915,-87.9753,971.8
43.83915,-87.97515,1009.3
43.83915,-87.975,1046.9
43.83915,-87.97485,1084.6
43.83915,-87.9747,1122.5
43.83915,-87.97455,1160.5
43.83915,-87.9744,1198.6
43.83915,-87.97425,1236.8
43.83915,-87.9741,1275.0
43.83915,-87.97395,1313.3
43.83915,-87.9738,1351.7
43.83915,-87.97365,1362.7
43.83915,-87.9735,1335.2
43.83915,-87.97335,1308.3
43.83915,-87.9732,1275.0
43.83915,-87.97305,1236.8
43.83915,-87.9729,1198.6
43.83915,-87.97275,1160.5
43.83915,-87.9726,1122.5
43.83915,-87.97245,1084.6
43.83915,-87.9723,1046.9
43.83915,-87.97215,1009.3
43.83915,-87.972,971.8
43.83915,-87.97185,934.4
43.83915,-87.9717,897.3
43.83915,-87.97155,860.4
43.83915,-87.9714,823.7
43.83915,-87.97125,787.3
43.83915,-87.9711,751.1
43.83915,-87.97095,715.4
43.83915,-87.9708,676.8
43.83915,-87.97065,637.7
43.83915,-87.9705,598.6
43.83915,-87.97035,559.5
43.83915,-87.9702,520.5
43.83915,-87.97005,481.4
43.83915,-87.9699,442.3
43.8393,-87.9774,428.6
43.8393,-87.97725,467.7
43.8393,-87.9771,506.8
43.8393,-87.97695,545.9
43.8393,-87.9768,585.0
43.8393,-87.97665,620.7
43.8393,-87.9765,656.9
43.8393,-87.97635,693.4
43.8393,-87.9762,730.3
43.8393,-87.97605,767.4
43.8393,-87.9759,804.7
43.8393,-87.97575,842.2
43.8393,-87.9756,879.9
43.8393,-87.97545,917.7
43.8393,-87.9753,955.7
43.8393,-87.97515,993.8
43.8393,-87.975,1032.0
43.8393,-87.97485,1070.3
43.8393,-87.9747,1108.7
43.8393,-87.97455,1147.1
43.8393,-87.9744,1185.6
43.8393,-87.97425,1224.2
43.8393,-87.9741,1262.8
43.8393,-87.97395,1301.5
43.8393,-87.9738,1334.0
43.8393,-87.97365,1324.5
43.8393,-87.9735,1296.1
43.8393,-87.97335,1268.4
43.8393,-87.9732,1241.3
43.8393,-87.97305,1214.9
43.8393,-87.9729,1182.5
43.8393,-87.97275,1146.9
43.8393,-87.9726,1108.7
43.8393,-87.97245,1070.3
43.8393,-87.9723,1032.0
43.8393,-87.97215,993.8
43.8393,-87.972,955.7
43.8393,-87.97185,917.7
43.8393,-87.9717,879.9
43.8393,-87.97155,842.2
43.8393,-87.9714,804.7
43.8393,-87.97125,767.4
43.8393,-87.9711,730.3
43.8393,-87.97095,693.4
43.8393,-87.9708,656.9
43.8393,-87.97065,620.7
43.8393,-87.9705,585.0
43.8393,-87.97035,545.9
43.8393,-87.9702,506.8
43.8393,-87.97005,467.7
43.8393,-87.9699,428.6
43.83945,-87.9774,414.9
43.83945,-87.97725,454.0
43.83945,-87.9771,490.3
43.83945,-87.97695,526.5
43.83945,-87.9768,563.2
43.83945,-87.97665,600.3
43.83945,-87.9765,637.6
43.83945,-87.97635,675.2
43.83945,-87.9762,713.0
43.83945,-87.97605,750.9
43.83945,-87.9759,789.0
43.83945,-87.97575,827.3
43.83945,-87.9756,865.6
43.83945,-87.97545,904.0
43.83945,-87.9753,942.6
43.83945,-87.97515,981.2
43.83945,-87.975,1019.8
43.83945,-87.97485,1058.6
43.83945,-87.9747,1097.3
43.83945,-87.97455,1136.2
43.83945,-87.9744,1174.0
43.83945,-87.97425,1210.7
43.83945,-87.9741,1239.1
43.83945,-87.97395,1267.9
43.83945,-87.9738,1297.2
43.83945,-87.97365,1287.4
43.83945,-87.9735,1258.2
43.83945,-87.97335,1229.6
43.83945,-87.9732,1201.6
43.83945,-87.97305,1174.3
43.83945,-87.9729,1147.7
43.83945,-87.97275,1117.2
43.83945,-87.9726,1081.6
43.83945,-87.97245,1046.0
43.83945,-87.9723,1010.4
43.83945,-87.97215,974.9
43.83945,-87.972,939.3
43.83945,-87.97185,903.7
43.83945,-87.9717,865.6
43.83945,-87.97155,827.3
43.83945,-87.9714,789.0
43.83945,-87.97125,750.9
43.83945,-87.9711,713.0
43.83945,-87.97095,675.2
43.83945,-87.9708,637.6
43.83945,-87.97065,600.3
43.83945,-87.9705,563.2
43.83945,-87.97035,526.5
43.83945,-87.9702,490.3
43.83945,-87.97005,454.0
43.83945,-87.9699,414.9
43.8396,-87.97725,433.2
43.8396,-87.9771,470.5
43.8396,-87.97695,508.2
43.8396,-87.9768,546.1
43.8396,-87.97665,584.3
43.8396,-87.9765,622.5
43.8396,-87.97635,661.0
43.8396,-87.9762,699.5
43.8396,-87.97605,738.2
43.8396,-87.9759,776.9
43.8396,-87.97575,815.7
43.8396,-87.9756,853.8
43.8396,-87.97545,890.5
43.8396,-87.9753,927.2
43.8396,-87.97515,963.9
43.8396,-87.975,1000.6
43.8396,-87.97485,1037.3
43.8396,-87.9747,1074.0
43.8396,-87.97455,1110.8
43.8396,-87.9744,1144.3
43.8396,-87.97425,1172.8
43.8396,-87.9741,1201.9
43.8396,-87.97395,1231.5
43.8396,-87.9738,1261.7
43.8396,-87.97365,1251.6
43.8396,-87.9735,1221.6
43.8396,-87.97335,1192.1
43.8396,-87.9732,1163.2
43.8396,-87.97305,1135.0
43.8396,-87.9729,1107.4
43.8396,-87.97275,1080.6
43.8396,-87.9726,1052.0
43.8396,-87.97245,1016.4
43.8396,-87.9723,980.8
43.8396,-87.97215,945.2
43.8396,-87.972,909.6
43.8396,-87.97185,874.0
43.8396,-87.9717,838.4
43.8396,-87.97155,802.8
43.8396,-87.9714,767.2
43.8396,-87.97125,731.6
43.8396,-87.9711,696.0
43.8396,-87.97095,660.4
43.8396,-87.9708,622.5
43.8396,-87.97065,584.3
43.8396,-87.9705,546.1
43.8396,-87.97035,508.2
43.8396,-87.9702,470.5
43.8396,-87.97005,433.2
43.83975,-87.97725,417.9
43.83975,-87.9771,456.5
43.83975,-87.97695,495.3
43.83975,-87.9768,533.6
43.83975,-87.97665,570.3
43.83975,-87.9765,607.0
43.83975,-87.97635,643.7
43.83975,-87.9762,680.5
43.83975,-87.97605,717.2
43.83975,-87.9759,753.9
43.83975,-87.97575,790.6
43.83975,-87.9756,827.3
43.83975,-87.97545,864.0
43.83975,-87.9753,900.7
43.83975,-87.97515,937.4
43.83975,-87.975,974.1
43.83975,-87.97485,1010.8
43.83975,-87.9747,1047.5
43.83975,-87.97455,1077.9
43.83975,-87.9744,1106.6
43.83975,-87.97425,1136.1
43.83975,-87.9741,1166.1
43.83975,-87.97395,1196.6
43.83975,-87.9738,1227.7
43.83975,-87.97365,1217.3
43.83975,-87.9735,1186.4
43.83975,-87.97335,1156.0
43.83975,-87.9732,1126.2
43.83975,-87.97305,1097.0
43.83975,-87.9729,1068.4
43.83975,-87.97275,1040.6
43.83975,-87.9726,1013.6
43.83975,-87.97245,986.7
43.83975,-87.9723,951.1
43.83975,-87.97215,915.5
43.83975,-87.972,879.9
43.83975,-87.97185,844.3
43.83975,-87.9717,808.8
43.83975,-87.97155,773.2
43.83975,-87.9714,737.6
43.83975,-87.97125,702.0
43.83975,-87.9711,666.4
43.83975,-87.97095,630.8
43.83975,-87.9708,595.2
43.83975,-87.97065,559.6
43.83975,-87.9705,524.0
43.83975,-87.97035,488.4
43.83975,-87.9702,452.8
43.83975,-87.97005,417.2
43.8399,-87.9771,433.7
43.8399,-87.97695,470.4
43.8399,-87.9768,507.1
43.8399,-87.97665,543.8
43.8399,-87.9765,580.5
43.8399,-87.97635,617.2
43.8399,-87.9762,653.9
43.8399,-87.97605,690.7
43.8399,-87.9759,727.4
43.8399,-87.97575,764.1
43.8399,-87.9756,800.8
43.8399,-87.97545,837.5
43.8399,-87.9753,874.2
43.8399,-87.97515,910.9
43.8399,-87.975,947.6
43.8399,-87.97485,983.2
43.8399,-87.9747,1011.6
43.8399,-87.97455,1040.7
43.8399,-87.9744,1070.4
43.8399,-87.97425,1100.8
43.8399,-87.9741,1131.7
43.8399,-87.97395,1163.2
43.8399,-87.9738,1195.1
43.8399,-87.97365,1184.4
43.8399,-87.9735,1152.6
43.8399,-87.97335,1121.4
43.8399,-87.9732,1090.6
43.8399,-87.97305,1060.4
43.8399,-87.9729,1030.9
43.8399,-87.97275,1002.0
43.8399,-87.9726,973.9
43.8399,-87.97245,946.6
43.8399,-87.9723,920.2
43.8399,-87.97215,885.9
43.8399,-87.972,850.3
43.8399,-87.97185,814.7
43.8399,-87.9717,779.1
43.8399,-87.97155,743.5
43.8399,-87.9714,707.9
43.8399,-87.97125,672.3
43.8399,-87.9711,636.7
43.8399,-87.97095,601.1
43.8399,-87.9708,565.5
43.8399,-87.97065,529.9
43.8399,-87.9705,494.3
43.8399,-87.97035,458.8
43.8399,-87.9702,423.2
43.84005,-87.9771,407.2
43.84005,-87.97695,443.9
43.84005,-87.9768,480.6
43.84005,-87.97665,517.3
43.84005,-87.9765,554.0
43.84005,-87.97635,590.7
43.84005,-87.9762,627.4
43.84005,-87.97605,664.1
43.84005,-87.9759,700.8
43.84005,-87.97575,737.6
43.84005,-87.9756,774.3
43.84005,-87.97545,811.0
43.84005,-87.9753,847.7
43.84005,-87.97515,884.4
43.84005,-87.975,916.7
43.84005,-87.97485,945.4
43.84005,-87.9747,974.9
43.84005,-87.97455,1005.0
43.84005,-87.9744,1035.8
43.84005,-87.97425,1067.2
43.84005,-87.9741,1099.1
43.84005,-87.97395,1131.4
43.84005,-87.9738,1164.2
43.84005,-87.97365,1153.2
43.84005,-87.9735,1120.6
43.84005,-87.97335,1088.4
43.84005,-87.9732,1056.7
43.84005,-87.97305,1025.5
43.84005,-87.9729,994.9
43.84005,-87.97275,965.0
43.84005,-87.9726,935.7
43.84005,-87.97245,907.3
43.84005,-87.9723,879.7
43.84005,-87.97215,853.0
43.84005,-87.972,820.6
43.84005,-87.97185,785.0
43.84005,-87.9717,749.4
43.84005,-87.97155,713.8
43.84005,-87.9714,678.2
43.84005,-87.97125,642.6
43.84005,-87.9711,607.1
43.84005,-87.97095,571.5
43.84005,-87.9708,535.9
43.84005,-87.97065,500.3
43.84005,-87.9705,464.7
43.84005,-87.97035,429.1
43.8402,-87.97695,417.4
43.8402,-87.9768,454.1
43.8402,-87.97665,490.8
43.8402,-87.9765,527.5
43.8402,-87.97635,564.2
43.8402,-87.9762,600.9
43.8402,-87.97605,637.6
43.8402,-87.9759,674.3
43.8402,-87.97575,711.0
43.8402,-87.9756,747.8
43.8402,-87.97545,784.5
43.8402,-87.9753,821.2
43.8402,-87.97515,850.3
43.8402,-87.975,879.4
43.8402,-87.97485,909.3
43.8402,-87.9747,940.0
43.8402,-87.97455,971.2
43.8402,-87.9744,1003.0
43.8402,-87.97425,1035.4
43.8402,-87.9741,1068.2
43.8402,-87.97395,1101.5
43.8402,-87.9738,1135.1
43.8402,-87.97365,1123.9
43.8402,-87.9735,1090.3
43.8402,-87.97335,1057.2
43.8402,-87.9732,1024.5
43.8402,-87.97305,992.4
43.8402,-87.9729,960.7
43.8402,-87.97275,929.7
43.8402,-87.9726,899.3
43.8402,-87.97245,869.7
43.8402,-87.9723,840.8
43.8402,-87.97215,812.9
43.8402,-87.972,785.9
43.8402,-87.97185,755.4
43.8402,-87.9717,719.8
43.8402,-87.97155,684.2
43.8402,-87.9714,648.6
43.8402,-87.97125,613.0
43.8402,-87.9711,577.4
43.8402,-87.97095,541.8
43.8402,-87.9708,506.2
43.8402,-87.97065,470.6
43.8402,-87.9705,435.0
43.84035,-87.9768,427.6
43.84035,-87.97665,464.3
43.84035,-87.9765,501.0
43.84035,-87.97635,537.7
43.84035,-87.9762,574.4
43.84035,-87.97605,611.1
43.84035,-87.9759,647.8
43.84035,-87.97575,684.5
43.84035,-87.9756,721.2
43.84035,-87.97545,755.5
43.84035,-87.9753,784.2
43.84035,-87.97515,813.7
43.84035,-87.975,844.1
43.84035,-87.97485,875.2
43.84035,-87.9747,907.0
43.84035,-87.97455,939.3
43.84035,-87.9744,972.2
43.84035,-87.97425,1005.5
43.84035,-87.9741,1039.3
43.84035,-87.97395,1073.5
43.84035,-87.9738,1099.0
43.84035,-87.97365,1096.5
43.84035,-87.9735,1062.1
43.84035,-87.97335,1028.0
43.84035,-87.9732,994.4
43.84035,-87.97305,961.2
43.84035,-87.9729,928.5
43.84035,-87.97275,896.3
43.84035,-87.9726,864.8
43.84035,-87.97245,833.9
43.84035,-87.9723,803.8
43.84035,-87.97215,774.5
43.84035,-87.972,746.2
43.84035,-87.97185,718.9
43.84035,-87.9717,690.1
43.84035,-87.97155,654.5
43.84035,-87.9714,618.9
43.84035,-87.97125,583.3
43.84035,-87.9711,547.7
43.84035,-87.97095,512.1
43.84035,-87.9708,476.5
43.84035,-87.97065,441.0
43.8405,-87.97665,437.8
43.8405,-87.9765,474.5
43.8405,-87.97635,511.2
43.8405,-87.9762,547.9
43.8405,-87.97605,584.6
43.8405,-87.9759,621.3
43.8405,-87.97575,658.0
43.8405,-87.9756,689.1
43.8405,-87.97545,718.2
43.8405,-87.9753,748.3
43.8405,-87.97515,779.3
43.8405,-87.975,810.9
43.8405,-87.97485,843.3
43.8405,-87.9747,876.2
43.8405,-87.97455,909.6
43.8405,-87.9744,943.5
43.8405,-87.97425,977.9
43.8405,-87.9741,1011.0
43.8405,-87.97395,1033.6
43.8405,-87.9738,1046.7
43.8405,-87.97365,1057.3
43.8405,-87.9735,1028.5
43.8405,-87.97335,999.7
43.8405,-87.9732,966.4
43.8405,-87.97305,932.2
43.8405,-87.9729,898.4
43.8405,-87.97275,865.2
43.8405,-87.9726,832.4
43.8405,-87.97245,800.3
43.8405,-87.9723,768.9
43.8405,-87.97215,738.2
43.8405,-87.972,708.4
43.8405,-87.97185,679.6
43.8405,-87.9717,651.9
43.8405,-87.97155,624.9
43.8405,-87.9714,589.3
43.8405,-87.97125,553.7
43.8405,-87.9711,518.1
43.8405,-87.97095,482.5
43.8405,-87.9708,446.9
43.8405,-87.97065,411.3
43.84065,-87.97665,411.3
43.84065,-87.9765,448.0
43.84065,-87.97635,484.7
43.84065,-87.9762,521.4
43.84065,-87.97605,558.1
43.84065,-87.9759,594.3
43.84065,-87.97575,622.9
43.84065,-87.9756,652.6
43.84065,-87.97545,683.4
43.84065,-87.9753,714.9
43.84065,-87.97515,747.2
43.84065,-87.975,780.2
43.84065,-87.97485,813.8
43.84065,-87.9747,847.8
43.84065,-87.97455,882.3
43.84065,-87.9744,912.1
43.84065,-87.97425,941.0
43.84065,-87.9741,967.0
43.84065,-87.97395,981.3
43.84065,-87.9738,994.3
43.84065,-87.97365,1007.4
43.84065,-87.9735,987.4
43.84065,-87.97335,958.6
43.84065,-87.9732,929.8
43.84065,-87.97305,901.0
43.84065,-87.9729,870.8
43.84065,-87.97275,836.4
43.84065,-87.9726,802.5
43.84065,-87.97245,769.2
43.84065,-87.9723,736.4
43.84065,-87.97215,704.3
43.84065,-87.972,673.0
43.84065,-87.97185,642.6
43.84065,-87.9717,613.3
43.84065,-87.97155,585.1
43.84065,-87.9714,558.3
43.84065,-87.97125,524.0
43.84065,-87.9711,488.4
43.84065,-87.97095,452.8
43.84065,-87.9708,417.2
43.8408,-87.9765,421.5
43.8408,-87.97635,458.2
43.8408,-87.9762,494.9
43.8408,-87.97605,527.9
43.8408,-87.9759,557.1
43.8408,-87.97575,587.5
43.8408,-87.9756,618.9
43.8408,-87.97545,651.2
43.8408,-87.9753,684.2
43.8408,-87.97515,717.9
43.8408,-87.975,752.2
43.8408,-87.97485,784.3
43.8408,-87.9747,813.3
43.8408,-87.97455,842.2
43.8408,-87.9744,871.1
43.8408,-87.97425,900.1
43.8408,-87.9741,915.8
43.8408,-87.97395,928.9
43.8408,-87.9738,942.0
43.8408,-87.97365,955.1
43.8408,-87.9735,946.3
43.8408,-87.97335,917.5
43.8408,-87.9732,888.7
43.8408,-87.97305,859.9
43.8408,-87.9729,831.1
43.8408,-87.97275,802.3
43.8408,-87.9726,773.5
43.8408,-87.97245,740.7
43.8408,-87.9723,706.6
43.8408,-87.97215,673.1
43.8408,-87.972,640.3
43.8408,-87.97185,608.3
43.8408,-87.9717,577.2
43.8408,-87.97155,547.2
43.8408,-87.9714,518.4
43.8408,-87.97125,491.2
43.8408,-87.9711,458.8
43.8408,-87.97095,423.2
43.84095,-87.97635,431.7
43.84095,-87.9762,461.7
43.84095,-87.97605,491.7
43.84095,-87.9759,522.9
43.84095,-87.97575,555.1
43.84095,-87.9756,588.3
43.84095,-87.97545,622.2
43.84095,-87.9753,656.6
43.84095,-87.97515,685.5
43.84095,-87.975,714.4
43.84095,-87.97485,743.3
43.84095,-87.9747,772.3
43.84095,-87.97455,801.2
43.84095,-87.9744,830.1
43.84095,-87.97425,850.4
43.84095,-87.9741,863.5
43.84095,-87.97395,876.6
43.84095,-87.9738,889.7
43.84095,-87.97365,902.7
43.84095,-87.9735,893.8
43.84095,-87.97335,876.3
43.84095,-87.9732,847.5
43.84095,-87.97305,818.7
43.84095,-87.9729,789.9
43.84095,-87.97275,761.1
43.84095,-87.9726,732.3
43.84095,-87.97245,703.5
43.84095,-87.9723,674.7
43.84095,-87.97215,645.1
43.84095,-87.972,610.8
43.84095,-87.97185,577.2
43.84095,-87.9717,544.3
43.84095,-87.97155,512.3
43.84095,-87.9714,481.5
43.84095,-87.97125,452.0
43.84095,-87.9711,424.2
43.8411,-87.9762,426.9
43.8411,-87.97605,459.1
43.8411,-87.9759,492.4
43.8411,-87.97575,526.5
43.8411,-87.9756,557.7
43.8411,-87.97545,586.6
43.8411,-87.9753,615.6
43.8411,-87.97515,644.5
43.8411,-87.975,673.4
43.8411,-87.97485,702.4
43.8411,-87.9747,731.3
43.8411,-87.97455,760.2
43.8411,-87.9744,784.9
43.8411,-87.97425,798.1
43.8411,-87.9741,811.2
43.8411,-87.97395,824.3
43.8411,-87.9738,837.3
43.8411,-87.97365,849.1
43.8411,-87.9735,840.1
43.8411,-87.97335,831.2
43.8411,-87.9732,806.4
43.8411,-87.97305,777.6
43.8411,-87.9729,748.8
43.8411,-87.97275,720.0
43.8411,-87.9726,691.2
43.8411,-87.97245,662.4
43.8411,-87.9723,633.6
43.8411,-87.97215,604.8
43.8411,-87.972,576.0
43.8411,-87.97185,547.2
43.8411,-87.9717,515.1
43.8411,-87.97155,481.2
43.8411,-87.9714,448.2
43.8411,-87.97125,416.4
43.84125,-87.97605,429.9
43.84125,-87.9759,458.9
43.84125,-87.97575,487.8
43.84125,-87.9756,516.7
43.84125,-87.97545,545.7
43.84125,-87.9753,574.6
43.84125,-87.97515,603.5
43.84125,-87.975,632.4
43.84125,-87.97485,661.4
43.84125,-87.9747,690.3
43.84125,-87.97455,718.2
43.84125,-87.9744,732.7
43.84125,-87.97425,745.8
43.84125,-87.9741,758.8
43.84125,-87.97395,771.9
43.84125,-87.9738,785.0
43.84125,-87.97365,795.5
43.84125,-87.9735,786.5
43.84125,-87.97335,777.6
43.84125,-87.9732,765.2
43.84125,-87.97305,736.4
43.84125,-87.9729,707.6
43.84125,-87.97275,678.8
43.84125,-87.9726,650.0
43.84125,-87.97245,621.2
43.84125,-87.9723,592.4
43.84125,-87.97215,563.6
43.84125,-87.972,534.8
43.84125,-87.97185,506.0
43.84125,-87.9717,477.2
43.84125,-87.97155,448.4
43.84125,-87.9714,419.5
43.8414,-87.9759,417.9
43.8414,-87.97575,446.8
43.8414,-87.9756,475.7
43.8414,-87.97545,504.7
43.8414,-87.9753,533.6
43.8414,-87.97515,562.5
43.8414,-87.975,591.5
43.8414,-87.97485,620.4
43.8414,-87.9747,649.3
43.8414,-87.97455,667.3
43.8414,-87.9744,680.3
43.8414,-87.97425,693.4
43.8414,-87.9741,706.5
43.8414,-87.97395,719.6
43.8414,-87.9738,732.7
43.8414,-87.97365,741.8
43.8414,-87.9735,732.9
43.8414,-87.97335,724.0
43.8414,-87.9732,715.0
43.8414,-87.97305,695.3
43.8414,-87.9729,666.5
43.8414,-87.97275,637.7
43.8414,-87.9726,608.9
43.8414,-87.97245,580.1
43.8414,-87.9723,551.3
43.8414,-87.97215,522.5
43.8414,-87.972,493.7
43.8414,-87.97185,464.9
43.8414,-87.9717,436.1
43.8414,-87.97155,407.3
43.84155,-87.9756,434.8
43.84155,-87.97545,463.7
43.84155,-87.9753,492.6
43.84155,-87.97515,521.5
43.84155,-87.975,550.5
43.84155,-87.97485,579.4
43.84155,-87.9747,601.8
43.84155,-87.97455,614.9
43.84155,-87.9744,628.0
43.84155,-87.97425,641.1
43.84155,-87.9741,654.2
43.84155,-87.97395,667.3
43.84155,-87.9738,680.3
43.84155,-87.97365,688.2
43.84155,-87.9735,679.3
43.84155,-87.97335,670.3
43.84155,-87.9732,661.4
43.84155,-87.97305,652.5
43.84155,-87.9729,625.3
43.84155,-87.97275,596.6
43.84155,-87.9726,567.8
43.84155,-87.97245,539.0
43.84155,-87.9723,510.2
43.84155,-87.97215,481.4
43.84155,-87.972,452.6
43.84155,-87.97185,423.8
43.8417,-87.97545,422.7
43.8417,-87.9753,451.6
43.8417,-87.97515,480.6
43.8417,-87.975,509.5
43.8417,-87.97485,536.1
43.8417,-87.9747,549.5
43.8417,-87.97455,562.6
43.8417,-87.9744,575.7
43.8417,-87.97425,588.8
43.8417,-87.9741,601.8
43.8417,-87.97395,614.9
43.8417,-87.9738,628.0
43.8417,-87.97365,634.6
43.8417,-87.9735,625.6
43.8417,-87.97335,616.7
43.8417,-87.9732,607.8
43.8417,-87.97305,598.8
43.8417,-87.9729,584.2
43.8417,-87.97275,555.4
43.8417,-87.9726,526.6
43.8417,-87.97245,497.8
43.8417,-87.9723,469.0
43.8417,-87.97215,440.2
43.8417,-87.972,411.4
43.84185,-87.9753,410.6
43.84185,-87.97515,439.6
43.84185,-87.975,468.5
43.84185,-87.97485,484.1
43.84185,-87.9747,497.2
43.84185,-87.97455,510.3
43.84185,-87.9744,523.3
43.84185,-87.97425,536.4
43.84185,-87.9741,549.5
43.84185,-87.97395,562.6
43.84185,-87.9738,575.7
43.84185,-87.97365,581.0
43.84185,-87.9735,572.0
43.84185,-87.97335,563.1
43.84185,-87.9732,554.1
43.84185,-87.97305,545.2
43.84185,-87.9729,536.3
43.84185,-87.97275,514.3
43.84185,-87.9726,485.5
43.84185,-87.97245,456.7
43.84185,-87.9723,427.9
43.842,-87.975,418.7
43.842,-87.97485,431.8
43.842,-87.9747,444.8
43.842,-87.97455,457.9
43.842,-87.9744,471.0
43.842,-87.97425,484.1
43.842,-87.9741,497.2
43.842,-87.97395,510.3
43.842,-87.9738,523.3
43.842,-87.97365,527.3
43.842,-87.9735,518.4
43.842,-87.97335,509.4
43.842,-87.9732,500.5
43.842,-87.97305,491.6
43.842,-87.9729,482.6
43.842,-87.97275,473.1
43.842,-87.9726,444.3
43.842,-87.97245,415.5
43.84215,-87.9744,418.7
43.84215,-87.97425,431.8
43.84215,-87.9741,444.8
43.84215,-87.97395,457.9
43.84215,-87.9738,471.0
43.84215,-87.97365,473.7
43.84215,-87.9735,464.8
43.84215,-87.97335,455.8
43.84215,-87.9732,446.9
43.84215,-87.97305,437.9
43.84215,-87.9729,429.0
43.84215,-87.97275,420.1
43.8423,-87.9738,418.7
43.8423,-87.97365,420.1
43.8423,-87.9735,411.1
